小新竹 （鼓楼）,冷菜,红烧浇汁咸鱼,28
小新竹 （鼓楼）,冷菜,虾仔清荀丝,26
小新竹 （鼓楼）,冷菜,梅子酒呛蟹,60
小新竹 （鼓楼）,冷菜,梅子小排,38
小新竹 （鼓楼）,冷菜,龙门飞甲黄瓜,18
小新竹 （鼓楼）,冷菜,小新竹香肠,32
小新竹 （鼓楼）,冷菜,糖衣花生,25
小新竹 （鼓楼）,冷菜,白葡萄丝拌海蜇,28
小新竹 （鼓楼）,冷菜,阿清腌萝卜,18
小新竹 （鼓楼）,冷菜,金枪鱼沙拉,40
小新竹 （鼓楼）,精品饭类,新竹咖喱牛肉饭,40
小新竹 （鼓楼）,精品饭类,意大利海鲜红烩饭,40
小新竹 （鼓楼）,精品饭类,新竹招牌卤肉饭,40
小新竹 （鼓楼）,精品饭类,新竹三杯鸡饭,40
小新竹 （鼓楼）,热菜,蟹粉豆腐,108
小新竹 （鼓楼）,热菜,毛蟹炒年糕,68
小新竹 （鼓楼）,热菜,翻滚吧糖醋虾,58
小新竹 （鼓楼）,热菜,萝卜烧牛腩,58
小新竹 （鼓楼）,热菜,欧吉桑红烧肉,68
小新竹 （鼓楼）,热菜,银鲳鱼,58
小新竹 （鼓楼）,热菜,夸奖胖带鱼,58.000
小新竹 （鼓楼）,热菜,腌笃鲜,58
小新竹 （鼓楼）,热菜,三千海参壮士,68
小新竹 （鼓楼）,热菜,家公红烧鱼,88
小新竹 （鼓楼）,热菜,葡萄干芝士火腿炒蛋,48
小新竹 （鼓楼）,热菜,客家小炒,36
小新竹 （鼓楼）,热菜,当日清炒,32
小新竹 （鼓楼）,热菜,觅味南瓜,22
小新竹 （鼓楼）,热菜,鼓油芦荀虾仁,28
小新竹 （鼓楼）,热菜,炝炒藕片,48
小新竹 （鼓楼）,热菜,素排骨,22
小新竹 （鼓楼）,热菜,荷兰豆炒油条,28
小新竹 （鼓楼）,热菜,时令雪菜炒年糕,28
小新竹 （鼓楼）,汤,玉米莲藕排骨汤,58
小新竹 （鼓楼）,汤,马来海鲜汤,40
小新竹 （鼓楼）,汤,虾仁蛋皮汤,30
小新竹 （鼓楼）,面,牛肉面,28
小新竹 （鼓楼）,面,马公冲浪海鲜面,28
小新竹 （鼓楼）,甜品,水果捞,18
小新竹 （鼓楼）,甜品,红豆沙浪汤圆,18
小新竹 （鼓楼）,甜品,米尔克芝麻汤圆,18
小新竹 （鼓楼）,甜品,桂花藕粉,12
小新竹 （鼓楼）,饮料,青岛啤酒,20
小新竹 （鼓楼）,饮料,滨崎步奶茶,20
小新竹 （鼓楼）,饮料,富士山下,25
小新竹 （鼓楼）,饮料,柠檬茶,20
小新竹 （鼓楼）,饮料,蜂蜜柚子茶,20.000
小新竹 （鼓楼）,饮料,黄桃雪山,25
小新竹 （鼓楼）,饮料,草莓雪山,25
小新竹 （鼓楼）,饮料,椰汁西米露水果捞,25
小新竹 （鼓楼）,饮料,水果游乐场,30
小新竹 （鼓楼）,饮料,香草冰淇淋,38
小新竹 （鼓楼）,饮料,黑白配曲奇,22
小新竹 （鼓楼）,饮料,浓咖啡,25
小新竹 （鼓楼）,饮料,拿铁,40
小新竹 （鼓楼）,饮料,卡布奇诺,35
小新竹 （鼓楼）,饮料,当日果汁,40
小新竹 （鼓楼）,饮料,橙汁,30
小新竹 （鼓楼）,饮料,西瓜汁,30
小新竹 （鼓楼）,饮料,苹果+梨,30
小新竹 （鼓楼）,小食,薯条,25
小新竹 （鼓楼）,小食,爆米花,20
小新竹 （鼓楼）,小食,花生,20
小新竹 （鼓楼）,小食,开心果,25
小新竹 （鼓楼）,小食,腰果,35
小新竹 （鼓楼）,小食,杏仁,35
丽江大石头餐厅 （鼓楼）,凉菜系列,手剥笋,18
丽江大石头餐厅 （鼓楼）,凉菜系列,东河醉鱼,28
丽江大石头餐厅 （鼓楼）,凉菜系列,宜威凉火腿,68
丽江大石头餐厅 （鼓楼）,凉菜系列,滇味凉米线,22
丽江大石头餐厅 （鼓楼）,凉菜系列,凉拌苦菊花,22
丽江大石头餐厅 （鼓楼）,凉菜系列,清凉薄荷叶,18
丽江大石头餐厅 （鼓楼）,凉菜系列,丽江爽脆木瓜丝,18
丽江大石头餐厅 （鼓楼）,凉菜系列,薄荷牛肉卷,28
丽江大石头餐厅 （鼓楼）,凉菜系列,清凉折耳根,16
丽江大石头餐厅 （鼓楼）,凉菜系列,大理豌豆粉（鸡豆粉）,16
丽江大石头餐厅 （鼓楼）,凉菜系列,竹虫,58
丽江大石头餐厅 （鼓楼）,凉菜系列,蜂蛹,88
丽江大石头餐厅 （鼓楼）,凉菜系列,雪山油鸡枞,28
丽江大石头餐厅 （鼓楼）,凉菜系列,柠檬鸡,38
丽江大石头餐厅 （鼓楼）,凉菜系列,丽江小木耳,26
丽江大石头餐厅 （鼓楼）,凉菜系列,云南豆皮,22
丽江大石头餐厅 （鼓楼）,凉菜系列,荟萃树花,22
丽江大石头餐厅 （鼓楼）,凉菜系列,柠檬黄瓜,18
丽江大石头餐厅 （鼓楼）,热菜系列,鲜桃仁羊肚菌,268
丽江大石头餐厅 （鼓楼）,热菜系列,云椒牛肝菌,88
丽江大石头餐厅 （鼓楼）,热菜系列,桂花虎掌菌,78
丽江大石头餐厅 （鼓楼）,热菜系列,云椒干巴菌,268
丽江大石头餐厅 （鼓楼）,热菜系列,云椒松茸,108
丽江大石头餐厅 （鼓楼）,热菜系列,美极大虾,68
丽江大石头餐厅 （鼓楼）,热菜系列,干烧鲈鱼,88
丽江大石头餐厅 （鼓楼）,热菜系列,风味牛干巴,58
丽江大石头餐厅 （鼓楼）,热菜系列,生煎鸡翅,48
丽江大石头餐厅 （鼓楼）,热菜系列,生煎排骨,48
丽江大石头餐厅 （鼓楼）,热菜系列,杭椒牛柳,48
丽江大石头餐厅 （鼓楼）,热菜系列,野生菜炒牛柳,58
丽江大石头餐厅 （鼓楼）,热菜系列,折耳根炒火腿,58
丽江大石头餐厅 （鼓楼）,热菜系列,黄焖牛肉,48
丽江大石头餐厅 （鼓楼）,热菜系列,茉莉花炒鸡蛋,28
丽江大石头餐厅 （鼓楼）,热菜系列,脆皮酥红豆,18
丽江大石头餐厅 （鼓楼）,热菜系列,豌豆尖,26
丽江大石头餐厅 （鼓楼）,热菜系列,丝瓜尖,26
丽江大石头餐厅 （鼓楼）,热菜系列,酸辣鱼,48
丽江大石头餐厅 （鼓楼）,热菜系列,小煎乳饼,26
丽江大石头餐厅 （鼓楼）,热菜系列,宜威黄豆腐,22
丽江大石头餐厅 （鼓楼）,热菜系列,干焙洋芋丝,28
丽江大石头餐厅 （鼓楼）,热菜系列,夹沙乳扇,22
丽江大石头餐厅 （鼓楼）,热菜系列,云腿焖小瓜,28
丽江大石头餐厅 （鼓楼）,热菜系列,脆炒小瓜丝,26
丽江大石头餐厅 （鼓楼）,热菜系列,酸菜炒汤圆,26
丽江大石头餐厅 （鼓楼）,热菜系列,宣威小炒肉,28
丽江大石头餐厅 （鼓楼）,热菜系列,黑/红三剁,22
丽江大石头餐厅 （鼓楼）,热菜系列,酸笋鸡,38
丽江大石头餐厅 （鼓楼）,热菜系列,白灼芥兰,22
丽江大石头餐厅 （鼓楼）,热菜系列,腊味野芥兰,26
丽江大石头餐厅 （鼓楼）,热菜系列,牛肝菌汽锅鸡,68
丽江大石头餐厅 （鼓楼）,热菜系列,铁锅扁豆角,22
丽江大石头餐厅 （鼓楼）,热菜系列,腌菜土豆片,22
丽江大石头餐厅 （鼓楼）,热菜系列,七彩时蔬,22
丽江大石头餐厅 （鼓楼）,石板烧系列,肥牛,18
丽江大石头餐厅 （鼓楼）,石板烧系列,精品五花肉,18
丽江大石头餐厅 （鼓楼）,石板烧系列,肥肠,18
丽江大石头餐厅 （鼓楼）,石板烧系列,小姜瓜,16
丽江大石头餐厅 （鼓楼）,石板烧系列,石屏豆腐,18
丽江大石头餐厅 （鼓楼）,石板烧系列,韭菜,8
丽江大石头餐厅 （鼓楼）,石板烧系列,培根,18
丽江大石头餐厅 （鼓楼）,石板烧系列,牛舌,22
丽江大石头餐厅 （鼓楼）,炭烤系列,版纳火烤虾,46
丽江大石头餐厅 （鼓楼）,炭烤系列,丽江小烤牧羊排,48
丽江大石头餐厅 （鼓楼）,炭烤系列,傣味烤香菇,16
丽江大石头餐厅 （鼓楼）,炭烤系列,彝族烤尖椒,16
丽江大石头餐厅 （鼓楼）,炭烤系列,丽江精品烤羊肉,46
丽江大石头餐厅 （鼓楼）,炭烤系列,丽江精品烤牛肉,42
丽江大石头餐厅 （鼓楼）,炭烤系列,香茅草烤鸡翅,26
丽江大石头餐厅 （鼓楼）,炭烤系列,烤扇贝,48
丽江大石头餐厅 （鼓楼）,炭烤系列,烤茄子,16
丽江大石头餐厅 （鼓楼）,炭烤系列,烤生蚝 (六只）,48
丽江大石头餐厅 （鼓楼）,炭烤系列,丽江烤羊腿,22
丽江大石头餐厅 （鼓楼）,炭烤系列,有一种爱叫做放手（阿木）,58
丽江大石头餐厅 （鼓楼）,炭烤系列,笼竹烤鹌鹑,8
丽江大石头餐厅 （鼓楼）,炭烤系列,竹网火腿烤鲈鱼,88
丽江大石头餐厅 （鼓楼）,炭烤系列,岩莲无骨鸡,88
丽江大石头餐厅 （鼓楼）,炭烤系列,芭蕉叶烤杂菌,48
丽江大石头餐厅 （鼓楼）,炭烤系列,蕉叶烤包浆豆腐,28
丽江大石头餐厅 （鼓楼）,炭烤系列,傣味回肉卷,38
丽江大石头餐厅 （鼓楼）,汤羹系列,苦菜汤,18
丽江大石头餐厅 （鼓楼）,汤羹系列,野菌一品鲜,68
丽江大石头餐厅 （鼓楼）,汤羹系列,野生菌土鸡锅,68
丽江大石头餐厅 （鼓楼）,汤羹系列,腌菜土豆片汤,26
丽江大石头餐厅 （鼓楼）,汤羹系列,豆尖汤,18
丽江大石头餐厅 （鼓楼）,汤羹系列,锅仔粉丝汤,26
丽江大石头餐厅 （鼓楼）,主食系列,竹筒饭,16
丽江大石头餐厅 （鼓楼）,主食系列,火腿焖饭,30
丽江大石头餐厅 （鼓楼）,主食系列,黑三剁炒饭,16
丽江大石头餐厅 （鼓楼）,主食系列,炒米线,16
萨都里印度餐厅 （鼓楼）,开胃菜,炸扁豆片（把扁豆碎与面粉混合后，放入泥炉内炭火烘烤）,12
萨都里印度餐厅 （鼓楼）,开胃菜,油炸鸡肉馅芭可拉 (将去骨的鸡肉剁碎，用厨师特制而成的香料浸泡后放入油中烹炸）,19
萨都里印度餐厅 （鼓楼）,开胃菜,油炸蔬菜馅芭可拉 （蔬菜切成碎后，放入印式香料搅拌，浸泡后放入油中烹制),19
萨都里印度餐厅 （鼓楼）,开胃菜,印度油炸虾 （先将虾放入特殊的香料中浸泡，然后过油煎炸而成）,27
萨都里印度餐厅 （鼓楼）,开胃菜,萨姆萨达（牛肉）（印度风味薄饼，略加少许调味品，卷入牛肉）,20
萨都里印度餐厅 （鼓楼）,开胃菜,萨姆萨达（蔬菜）（印度风味薄饼，略加少许调味品，卷入蔬菜）,17
萨都里印度餐厅 （鼓楼）,开胃菜,开胃洋葱 （略微调味的洋葱圈裹鲜制奶糊煎炸而成）,19
萨都里印度餐厅 （鼓楼）,沙拉/印度酸辣泡菜,酸乳酪杂 （加入新鲜黄瓜粒和胡萝卜粒的家常酸奶，可按您的口味选择加入土豆及菠萝粒）,16
萨都里印度餐厅 （鼓楼）,沙拉/印度酸辣泡菜,木瓜沙拉,18
萨都里印度餐厅 （鼓楼）,沙拉/印度酸辣泡菜,蔬菜沙拉,14
萨都里印度餐厅 （鼓楼）,沙拉/印度酸辣泡菜,鲜蔬沙拉,17
萨都里印度餐厅 （鼓楼）,沙拉/印度酸辣泡菜,印度原味酸奶,12
萨都里印度餐厅 （鼓楼）,沙拉/印度酸辣泡菜,印度式蔬菜沙拉,15
萨都里印度餐厅 （鼓楼）,沙拉/印度酸辣泡菜,芒果酸辣酱,10
萨都里印度餐厅 （鼓楼）,沙拉/印度酸辣泡菜,印式泡菜,6
萨都里印度餐厅 （鼓楼）,汤类,马来沓尼汤 （蔬菜加鸡肉或海鲜）,20
萨都里印度餐厅 （鼓楼）,汤类,泰式汤 （著名的泰式冬阴功汤，虾或鸡肉）,22
萨都里印度餐厅 （鼓楼）,汤类,印式蔬菜汤 （什锦蔬菜加奶油和印度香）,18
萨都里印度餐厅 （鼓楼）,汤类,鸡肉蘑菇汤,22
萨都里印度餐厅 （鼓楼）,汤类,海鲜汤,25
萨都里印度餐厅 （鼓楼）,印式烧烤,烤整鸡 （将整只鸡用酸奶与印度香料浸泡入味，而后放入印度的特制泥炉中炭火烘烤）,98
萨都里印度餐厅 （鼓楼）,印式烧烤,烤半鸡 （将半只鸡用酸奶与印度香料浸泡入味，而后放入印度的特制泥炉中炭火烘烤）,52
萨都里印度餐厅 （鼓楼）,印式烧烤,印式鸡柳 （用酸奶和厨师特制的调味浸泡入无骨的鸡肉，烘烤而成）,49
萨都里印度餐厅 （鼓楼）,印式烧烤,印式烤牛肉 （将嫩牛肉用酸奶、香料、洋葱和辣椒浸泡，然后放入特制泥炉中炭火烘烤）,51
萨都里印度餐厅 （鼓楼）,印式烧烤,烤鱼柳 （在特制调味汁中腌制鱼柳，再在特制泥炉中烤制而成）,51
萨都里印度餐厅 （鼓楼）,印式烧烤,烤三文鱼 （精选印度香料腌制后，再经特制泥炉中烤制而成的秘制风味的三文鱼）,62
萨都里印度餐厅 （鼓楼）,印式烧烤,什锦印度烧烤 （一道混合了串烧免治羊肉卷，串烧羊肉，串烧鸡肉，烧烤鸡块的特色烧烤拼盘）,119
萨都里印度餐厅 （鼓楼）,咖喱鸡肉,特色奶油鸡 （在特制泥炉中烤过的鸡肉块，配以番茄和洋葱在黄肉奶酪汁中烹制）,55
萨都里印度餐厅 （鼓楼）,咖喱鸡肉,沙琪卡玛咖喱鸡 （无骨鸡切成小块，与丰富的白酱烹制而成）,51
萨都里印度餐厅 （鼓楼）,咖喱鸡肉,印度玛撒拉咖喱鸡柳 （将无骨鸡柳洒上适度的咖喱调味粉烹制而成）,49
萨都里印度餐厅 （鼓楼）,咖喱鸡肉,多皮萨咖喱鸡 （匠无骨鸡柳加上西红柿、洋葱和辣味咖喱粉一并烹饪）,48
萨都里印度餐厅 （鼓楼）,咖喱鸡肉,卡荷咖喱鸡 （用洋葱、辣椒、西红柿和辣椒咖喱粉与无骨鸡柳一块烹制，并放入新鲜香菜和薄荷）,48
萨都里印度餐厅 （鼓楼）,咖喱鸡肉,马撒辣黄油鸡 （将鸡肉涂上一点儿黄油，用印度白沙司烹调而成）,50
萨都里印度餐厅 （鼓楼）,咖喱鸡肉,特汁香烧鸡 （嫩鸡胸块与多种蔬菜一起配上特制的辣椒片在番茄糊及精选的印度香料中烹制而成）,51
萨都里印度餐厅 （鼓楼）,咖喱鸡肉,辣味土豆鸡块 （将无骨鸡肉与土豆放入咖喱肉中烹饪）,51
萨都里印度餐厅 （鼓楼）,咖喱鸡肉,六十五号炒鸡 （用芥菜种子和红辣椒爆炒无骨鸡肉）,50
萨都里印度餐厅 （鼓楼）,咖喱鸡肉,南方咖喱鸡肉 （马德拉斯秘制风味香辣鸡肉咖喱）,53
萨都里印度餐厅 （鼓楼）,咖喱羊肉,罗根羊肉 （将羊肉放入番茄，洋葱，印度咖喱酱中烹饪）,55
萨都里印度餐厅 （鼓楼）,咖喱羊肉,辣味土豆羊肉 （将羔羊放入咖喱肉调味料中烹饪）,53
萨都里印度餐厅 （鼓楼）,咖喱羊肉,辣香羊腿 （用去骨羊腿和土豆，小扁豆香辣包炒）,53
萨都里印度餐厅 （鼓楼）,咖喱羊肉,南方咖喱羊肉 （马德拉斯秘制风味香辣羊肉咖喱）,55
萨都里印度餐厅 （鼓楼）,咖喱羊肉,玛萨拉羊肉 （在配有煮蛋的微辣辛香料浓汁中烹制放入嫩羊肉块）,53
萨都里印度餐厅 （鼓楼）,咖喱羊肉,白汁香浓羊肉 （去骨的羊肉切成小块，在煮熟的丰富的白酱中烹制而成）,55
萨都里印度餐厅 （鼓楼）,咖喱羊肉,印式咖喱羊肉 （将无骨羊肉加足够的沙司和腰果酱，温火中适度烹饪，再加上少许黄色香料上色）,55
萨都里印度餐厅 （鼓楼）,咖喱羊肉,多皮萨咖喱羊肉 （将羔羊肉与西红柿，洋葱和辣味咖喱粉一并烹制，并放入新鲜香菜加以点缀）,53
萨都里印度餐厅 （鼓楼）,咖喱羊肉,菠菜羊肉 （嫩羊肉块与菠菜泥在洋葱及番茄汁中烹制而成）,53
萨都里印度餐厅 （鼓楼）,咖喱牛肉,咖喱牛肉 （将无骨牛肉放入咖喱浸泡调制而成）,52
萨都里印度餐厅 （鼓楼）,咖喱牛肉,巴那咖喱牛肉 （将牛肉用酸奶、西红柿、洋葱和辣味咖喱粉一并烹制，并放入新鲜香菜点缀）,52
萨都里印度餐厅 （鼓楼）,咖喱牛肉,多皮萨咖喱牛肉 （将无骨牛肉与西红柿，洋葱和辣味咖喱粉一并烹制，并放入新鲜香菜加以点缀）,50
萨都里印度餐厅 （鼓楼）,咖喱牛肉,辣味土豆牛肉 （嫩牛肉块先同土豆一起浅炸，再在辛辣的土豆肉汁中烹制而成）,52
萨都里印度餐厅 （鼓楼）,咖喱牛肉,咖喱牛肉土豆 （将土豆和牛肉放入美味的咖喱酱中烹制而成）,50
萨都里印度餐厅 （鼓楼）,咖喱牛肉,黑椒牛肉 （去骨牛肉与黑胡椒和绿辣椒烹制而成）,53
萨都里印度餐厅 （鼓楼）,咖喱海鲜,多皮萨咖喱虾 （用西红柿、洋葱和辣味咖喱干粉调大虾）,67
萨都里印度餐厅 （鼓楼）,咖喱海鲜,玛萨拉鲜虾 （在清淡的酱汁中烹制的鲜虾，只是一道南印度风味菜品）,65
萨都里印度餐厅 （鼓楼）,咖喱海鲜,马来椰汁大虾 （将大虾放入椰奶中烹制而成）,71
萨都里印度餐厅 （鼓楼）,咖喱海鲜,印度马撒辣咖喱鱼块 （将无骨鱼片洒在适度的咖喱调味粉烹制而成）,63
萨都里印度餐厅 （鼓楼）,咖喱蔬菜类,时令什锦蔬菜 （将时令蔬菜、辣椒、洋葱西红柿和扁豆用醋和沙司等调味品烹制）,36
萨都里印度餐厅 （鼓楼）,咖喱蔬菜类,咖喱什锦蔬菜 （将时令蔬菜加上适度的咖喱粉炒烩而成）,32
萨都里印度餐厅 （鼓楼）,咖喱蔬菜类,印式菠菜泥 （将奶酪切成丁，家适度的香料和菠菜一并调制）,37
萨都里印度餐厅 （鼓楼）,咖喱蔬菜类,印式马撒辣咖喱什锦菜 （用土豆、菜花和豌豆加上西红柿和咖喱粉烹制而成）,33
萨都里印度餐厅 （鼓楼）,咖喱蔬菜类,咖喱扁豆 (将整个小扁豆放在慢火上炖制柔软，佐以洋葱、姜、蒜和西红柿）,36
萨都里印度餐厅 （鼓楼）,咖喱蔬菜类,达卡什锦 （将烹饪的扁豆内加上油炸锅的洋葱，红辣椒调味，而后在放入黄油）,32
萨都里印度餐厅 （鼓楼）,咖喱蔬菜类,咖喱烩时蔬 （将扁豆与时令蔬菜和西红柿一块儿烹炒，并放入新鲜香菜调味）,35
萨都里印度餐厅 （鼓楼）,咖喱蔬菜类,清咖喱杂菜 （以精选香料在清淡的椰汁咖喱中烹制，这是一道南印度的特色菜）,36
萨都里印度餐厅 （鼓楼）,咖喱蔬菜类,玛萨拉鹰嘴豆 （用奇异的北印度混合香料烹制至正熟的美味鹰嘴豆）,42
萨都里印度餐厅 （鼓楼）,咖喱蔬菜类,黄油奶酪玛撒拉 （以黄油炒制乳块，再在番茄香汁中烹制而成）,42
萨都里印度餐厅 （鼓楼）,饭和饼,印式烤饼 （一种特殊的技艺在特制泥炉的内壁烤出博饼）,12
萨都里印度餐厅 （鼓楼）,饭和饼,黄油烤饼 （内外都涂抹黄油的博饼）,15
萨都里印度餐厅 （鼓楼）,饭和饼,蒜泥烤饼 （表层撒以蒜茸再经烤制的博饼）,18
萨都里印度餐厅 （鼓楼）,饭和饼,牛肉馅烤饼 （这是一道家常特色饼，将牛肉剁碎拌精选香料为馅）,22
萨都里印度餐厅 （鼓楼）,饭和饼,玛莎拉馅饼 （将切碎的蔬菜加入奶酪，香料在里团里进行烤制）,22
萨都里印度餐厅 （鼓楼）,饭和饼,土豆馅饼 （以土豆薄片填馅的多层饼）,20
萨都里印度餐厅 （鼓楼）,印度饭类,印度长粒香米,22
萨都里印度餐厅 （鼓楼）,印度饭类,泰式白饭,15
萨都里印度餐厅 （鼓楼）,印度饭类,孜然炒饭,32
萨都里印度餐厅 （鼓楼）,印度饭类,印度黄饭,38
萨都里印度餐厅 （鼓楼）,印度饭类,杂菜黄饭,42
萨都里印度餐厅 （鼓楼）,印度饭类,鸡肉黄饭,52
萨都里印度餐厅 （鼓楼）,印度饭类,咖喱羊肉饭,55
萨都里印度餐厅 （鼓楼）,印度甜品类,鲜奶什锦 （用新鲜牛奶、米饭、奶油调制而成，再放入葡萄干和开心果点缀）,22
萨都里印度餐厅 （鼓楼）,印度甜品类,胡萝卜哈露瓦 （将切碎的胡萝卜加上奶油葡萄干和开心果后，放入黄油内烹饪）,22
萨都里印度餐厅 （鼓楼）,印度甜品类,印式炸鲜奶,20
Gramercy （三里屯）,精致午餐套餐 （超级推荐！！！）,精选午餐套餐，点击任意选择一份头盘及主菜,58
Gramercy （三里屯）,小吃类,Tapas 拼盘（小）,48
Gramercy （三里屯）,小吃类,芝士拼盘（小）,78
Gramercy （三里屯）,小吃类,Tapas 拼盘（大）,88
Gramercy （三里屯）,小吃类,芝士拼盘（大）,158
Gramercy （三里屯）,小吃类,火腿拼盘,158
Gramercy （三里屯）,小吃类,炸薯条,28
Gramercy （三里屯）,小吃类,芝士火腿拼盘,178
Gramercy （三里屯）,小吃类,炸薯块,28
Gramercy （三里屯）,小吃类,蒜蓉面包,28
Gramercy （三里屯）,小吃类,蔬菜杯,38
Gramercy （三里屯）,小吃类,野菌卷,38
Gramercy （三里屯）,小吃类,迷你炸虾条,38
Gramercy （三里屯）,小吃类,香脆骨,48
Gramercy （三里屯）,小吃类,罗勒虾仁,58
Gramercy （三里屯）,小吃类,炸翅根 烧烤味（6个）,58
Gramercy （三里屯）,小吃类,烤翅根 卡真味（6个）,58
Gramercy （三里屯）,小吃类,炸香肠拼盘,68
Gramercy （三里屯）,小吃类,板烧牛柳,88
Gramercy （三里屯）,三明治,鸡蛋三明治,38
Gramercy （三里屯）,三明治,金枪鱼三明治,38
Gramercy （三里屯）,三明治,俱乐部三明治,48
Gramercy （三里屯）,美味沙拉,凯撒沙拉,48
Gramercy （三里屯）,美味沙拉,凯撒沙拉配鸡胸肉,68
Gramercy （三里屯）,美味沙拉,扒带子松仁蔬菜沙拉,58
Gramercy （三里屯）,美味沙拉,经典考伯沙拉（烤鸡胸肉、牛油果、马祖里拉芝士、西红柿、煮鸡蛋）,68
Gramercy （三里屯）,汤类,罗宋汤,35
Gramercy （三里屯）,汤类,香浓奶油蘑菇汤,35
Gramercy （三里屯）,汤类,香浓奶油南瓜汤,35
Gramercy （三里屯）,经典意面,芝士土豆球,68
Gramercy （三里屯）,经典意面,培根蘑菇奶油意面,58
Gramercy （三里屯）,经典意面,猪肉肠培根炒意大利面,68
Gramercy （三里屯）,经典意面,肉酱意面,78
Gramercy （三里屯）,经典意面,海鲜意面,88
Gramercy （三里屯）,经典意面,三文鱼炒宽面,88
Gramercy （三里屯）,披萨 （10寸）,田园披萨,78
Gramercy （三里屯）,披萨 （10寸）,烤肠披萨,88
Gramercy （三里屯）,披萨 （10寸）,海鲜披萨,98
Gramercy （三里屯）,披萨 （10寸）,芝士披萨,128
Gramercy （三里屯）,主菜,烤春鸡配米饭黑椒汁,78
Gramercy （三里屯）,主菜,扒牛眼肉配烤薯块牛肝菌汁,98
Gramercy （三里屯）,主菜,勃艮第红酒烩牛肉配米饭,88
Gramercy （三里屯）,主菜,香煎大虾配天使面蒜蓉柠檬汁,118
Gramercy （三里屯）,主菜,香煎三文鱼配时蔬（百香果汁或奶油藏红花汁）,138
Gramercy （三里屯）,主菜,香煎龙俐鱼,138
Gramercy （三里屯）,主菜,扒羊里脊配烤土豆迷迭香汁,138
Gramercy （三里屯）,主菜,菲力牛排,158
Take 5,沙拉,番茄奶酪沙拉,48
Take 5,沙拉,蔬菜沙拉,48.000
Take 5,沙拉,意大利面沙拉,39
Take 5,沙拉,奶酪卢古拉沙拉,39.000
Take 5,沙拉,金枪鱼沙拉,58
Take 5,沙拉,金枪鱼沙拉配银鱼柳,58.000
Take 5,沙拉,希腊沙拉,67
Take 5,沙拉,海鲜沙拉,67.000
Take 5,沙拉,三文鱼沙拉,59
Take 5,沙拉,鸡肉沙拉,59.000
Take 5,意大利面,番茄牛肉汁面,55
Take 5,意大利面,牛肉丸面,69
Take 5,意大利面,牛肉丸配牛肉汁面,79
Take 5,意大利面,奶油咸肉斜管面,69
Take 5,意大利面,吞拿鱼斜管面,59
Take 5,意大利面,斜管面配三文鱼,75
Take 5,意大利面,斜管面配蘑菇汁,75
Take 5,意大利面,斜管面配蔬菜,67
Take 5,意大利面,肉酱千层面,65
Take 5,主菜,匈牙利炖牛肉,85
Take 5,主菜,挪威式烤三文鱼排,85.000
Take 5,主菜,T骨牛排,118
Take 5,主菜,Take 5 扒大虾,118.000
Take 5,主菜,瑞典式特制牛肉丸,288
Take 5,主菜,希腊沙拉,288.000
Take 5,主菜,什锦扒：扒大虾、T骨牛排、三文鱼、鸡胸肉、牛排、猪肉肠、蔬菜、薯条、蘑菇酱,199
Take 5,主菜,牛柳,199.000
Take 5,主菜,熏三文鱼排,85
Take 5,主菜,香扒鸡胸,85.000
Take 5,主菜,土豆泥配牛肉汁,138
Take 5,主菜,奶油牛肉罐,138.000
Take 5,主菜,奶油海鲜罐,520
Take 5,主菜,酿馅鸡胸,520.000
Take 5,主菜,特色北京（烤鸭两人份）,148
Take 5,主菜,香蒜猪排,148.000
Take 5,主菜,猪柳,118
Take 5,主菜,哥伦布炸鸡排,118.000
Take 5,主菜,哥伦布炸猪排,75
Take 5,主菜,什锦香肠盘,75.000
Take 5,串烧,皮塔烤肉,55
Take 5,串烧,羊肉卷,69
Take 5,串烧,烤肉盘,75
Take 5,墨西哥风味,Burritos卷饼,55
Take 5,墨西哥风味,Fajitas薄饼,55.000
Take 5,墨西哥风味,塔可,60
Take 5,墨西哥风味,墨西哥套餐,60.000
Take 5,墨西哥风味,Filled辣椒,60
Take 5,墨西哥风味,香辣肉酱,60.000
Take 5,墨西哥风味,玉米片,319
Take 5,墨西哥风味,Nachos,69
Take 5,墨西哥风味,Quesadillas煎饼,75
Take 5,墨西哥风味,Tostadas墨西哥饼,35
Take 5,墨西哥风味,Tortilla Flutes墨西哥饼,50
Take 5,比萨,玛格丽特,65
Take 5,比萨,田园风光,65.000
Take 5,比萨,美丽意大利,70
Take 5,比萨,四级比萨,70.000
Take 5,比萨,什锦比萨,75
Take 5,比萨,异想天开,75.000
Take 5,比萨,西西里安娜,75
Take 5,比萨,夏威夷比萨,75.000
Take 5,比萨,北京烤鸭比萨,78
Take 5,比萨,那波利比萨,78.000
Take 5,比萨,法兰西比萨,80
Take 5,比萨,意大利比萨,80.000
Take 5,比萨,奥派亚比萨,75
Take 5,比萨,阿美丽堪诺,75.000
Take 5,比萨,香辣比萨,75
Take 5,比萨,牛肉汁比萨,75.000
Take 5,比萨,福特里比萨,85
Take 5,比萨,鼎盛帝国,85.000
Take 5,比萨,美丽新世界,75
Take 5,比萨,Take 5比萨,75.000
Take 5,比萨,自选比萨,75
Take 5,比萨,凯尔祖林比萨,75.000
Take 5,比萨,奶酪比萨,80
Take 5,比萨,墨西哥辣椒比萨,80.000
Take 5,比萨,醒目比萨,80
Take 5,比萨,什锦肉比萨,80.000
Take 5,比萨,萨米的特色早餐比萨,75
Take 5,比萨,Kinto′S 比萨,75.000
Take 5,比萨,烟熏三文鱼比萨,85
Take 5,比萨,小比萨,85.000
Take 5,甜点,奶酪蛋糕,58
Take 5,甜点,冰淇淋,33
Take 5,甜点,巧克力慕斯,35
Take 5,甜点,草莓慕斯,35
Take 5,甜点,法式煎饼配草莓酱,40
Take 5,甜点,法式煎饼配蛋黄酒冰淇淋,40
Take 5,甜点,奶昔,35
Take 5,甜点,奶油水果沙拉,50
Take 5,甜点,季节水果盘,85
巴夏西餐厅,特别推荐,新疆抓饭： 配大米，羊肉，胡萝卜,35
巴夏西餐厅,特别推荐,新疆番茄羊肉拌面,35
巴夏西餐厅,沙拉,蔬菜沙拉： 配混合蔬菜，圣女果，青椒和洋葱,25
巴夏西餐厅,沙拉,烤南瓜沙拉： 配混合生菜，烤南瓜，圣女果，羊奶酪，面包,38
巴夏西餐厅,沙拉,"厨师沙拉： 配混合蔬菜,火腿,烤鸡,奶酪,鸡蛋",35
巴夏西餐厅,沙拉,凯撒沙拉： 配罗马生菜，烤面包丁，煮鸡蛋，黑橄榄,35
巴夏西餐厅,沙拉,凯撒沙拉配烤鸡： 配烤鸡，罗马生菜，烤面包丁，煮鸡蛋，黑橄榄,45
巴夏西餐厅,沙拉,凯撒沙拉配烟熏三文鱼： 配烟熏三文鱼，罗马生菜，烤面包丁，煮鸡蛋，黑橄榄,49
巴夏西餐厅,沙拉,凯撒沙拉配培根： 配培根，罗马生菜，烤面包丁，煮鸡蛋，黑橄榄,39
巴夏西餐厅,沙拉,意大利腊肉沙拉： 配意大利风干腊肉，芝士，橄榄，烤番茄，生菜，芝麻菜,49
巴夏西餐厅,三明治& 墨西哥薄饼卷,烤鸡三明治： 配烤鸡腿肉，生菜，番茄， 酸黄瓜 ，卡真蛋黄酱,40
巴夏西餐厅,三明治& 墨西哥薄饼卷,火腿鸡蛋三明治： 配火腿，煎蛋， 生菜，番茄， 酸黄瓜 ，蛋黄酱,40.000
巴夏西餐厅,三明治& 墨西哥薄饼卷,金枪鱼三明治： 配火腿，煎蛋， 生菜，番茄， 酸黄瓜 ，蛋黄酱,35
巴夏西餐厅,三明治& 墨西哥薄饼卷,鸡肉汉堡： 配烤鸡腿肉，生菜，番茄，酸黄瓜，芝士，薯条,35.000
巴夏西餐厅,三明治& 墨西哥薄饼卷,烟熏三文鱼三明治： 配烟熏三文鱼， 生菜，番茄 ，蛋黄酱,35
巴夏西餐厅,三明治& 墨西哥薄饼卷,墨西哥薄饼鸡肉卷： 配意大利薄饼，酸奶油，生菜丝，番茄，鸡肉，玛祖里拉奶酪,35.000
巴夏西餐厅,三明治& 墨西哥薄饼卷,墨西哥薄饼蔬菜卷饼： 配意大利薄饼，酸奶油，生菜丝，番茄，菠菜，蘑菇，玛祖里拉奶酪,45
巴夏西餐厅,三明治& 墨西哥薄饼卷,墨西哥薄饼烟熏三文鱼卷饼： 配意大利薄饼，酸奶油，生菜丝，番茄，烟熏三文鱼，玛祖里拉奶酪,45.000
巴夏西餐厅,三明治& 墨西哥薄饼卷,墨西哥大虾卷： 意大利薄饼，大虾，蛋黄酱，生菜，卡真粉，牛油果,49
巴夏西餐厅,意面,奶油培根面： 意大利面，淡奶油，洋葱，培根，蛋黄,55
巴夏西餐厅,意面,意大利肉酱面： 配意大利面，牛肉酱，帕玛森芝士,55
巴夏西餐厅,意面,意大利面配烟熏三文鱼： 意大利面，淡奶油，洋葱，烟熏三文鱼，蛋黄,59
巴夏西餐厅,意面,"意大利蔬菜面： 意大利面，番茄酱，西兰花，西葫芦，青红彩椒,洋葱",39
巴夏西餐厅,小吃中心,培根法兰克福肠： 法兰克福肠， 培根,40
巴夏西餐厅,小吃中心,"小吃组合： 法兰克福培根卷，芝士条，娘蘑菇，鸡翅,沙拉和薯条",59
巴夏西餐厅,小吃中心,炸薯条,25
巴夏西餐厅,小吃中心,脆炸芝士条,49
巴夏西餐厅,小吃中心,辣味烤鸡翅： 鸡翅中，辣酱,39
巴夏西餐厅,小吃中心,酿蘑菇： 白口蘑，培根，意大利香料，安家奶酪，帕马森干酪，小葱,39
巴夏西餐厅,小吃中心,三文鱼玫瑰卷： 三文鱼，安家羊奶酪，混合蔬菜，柠檬,65
天堂烧烤吧（三里屯）,头盘,墨西哥香肠烩玉米片： 玉米片，红汁，香肠，飞达芝士，酸奶油,56
天堂烧烤吧（三里屯）,头盘,玉米片配牛油果酱： 玉米片，洋葱，番茄，小米椒，牛油果,50
天堂烧烤吧（三里屯）,头盘,玉米片配墨西哥酱： 玉米片，青椒，红椒，黄椒，洋葱，番茄,45
天堂烧烤吧（三里屯）,头盘,烘烤玉米片(牛肉）： 玉米片，豆泥，芝士，墨西哥酱，牛油果酱，酸奶油,56
天堂烧烤吧（三里屯）,头盘,烘烤玉米片 （鸡肉）： 玉米片，豆泥，芝士，墨西哥酱，牛油果酱，酸奶油,56
天堂烧烤吧（三里屯）,头盘,香炸鸡肉玉米卷： 玉米卷，鸡肉，生菜，红汁，飞达芝士，酸奶油,50
天堂烧烤吧（三里屯）,汤类,奶油玉米汤： 玉米，奶油，培根，酸奶油，车达芝士,40
天堂烧烤吧（三里屯）,汤类,奶油蘑菇汤： 蘑菇，奶油，面包丁,39
天堂烧烤吧（三里屯）,汤类,牛里脊汤： 牛里脊肉，土豆，胡萝卜，紫橄榄，牛油果,50
天堂烧烤吧（三里屯）,三明治,牛肉三明治： 法棍，牛肉片，洋葱，香菇，马祖里拉芝士，薯条,54
天堂烧烤吧（三里屯）,三明治,俱乐部三明治： 生菜，西红柿，鸡肉，火腿，培根，鸡蛋，薯条,50
天堂烧烤吧（三里屯）,沙拉,凯撒沙拉： 生菜，培根，面包丁，帕玛森芝士,45
天堂烧烤吧（三里屯）,沙拉,鸡肉香橙鳄梨沙拉： 生菜，脆饼，扒鸡肉，青椒，红椒，黄椒，橙子，牛油果,55
天堂烧烤吧（三里屯）,沙拉,墨西哥沙拉： 生菜，黑豆，车达芝士，牛油果酱，扒鸡肉,50
天堂烧烤吧（三里屯）,沙拉,番茄芝士沙拉： 番茄，芝士球，油醋汁,45
天堂烧烤吧（三里屯）,沙拉,金枪鱼沙拉： 生菜，金枪鱼，洋葱，西红柿，黑橄榄，鸡蛋,61
天堂烧烤吧（三里屯）,卷饼,焗奶酪卷饼（鸡肉，牛肉，素食，豆泥，米饭）,56
天堂烧烤吧（三里屯）,卷饼,铁板扒鸡肉卷,56.000
天堂烧烤吧（三里屯）,卷饼,油辣汁卷饼（鸡肉，牛肉，素食，豆泥，米饭）,50
天堂烧烤吧（三里屯）,卷饼,墨西哥圆脆饼（鸡肉，牛肉，奶酪，豆泥，米饭）,45
天堂烧烤吧（三里屯）,卷饼,墨西哥软薄饼（鸡肉，牛肉，素食，豆泥，米饭）,45.000
天堂烧烤吧（三里屯）,汉堡,芝士汉堡,56
天堂烧烤吧（三里屯）,汉堡,炸鸡汉堡,50
天堂烧烤吧（三里屯）,汉堡,墨西哥汉堡,62
天堂烧烤吧（三里屯）,面食类,腰果大虾炒面,61
天堂烧烤吧（三里屯）,面食类,炒乌冬面,40
天堂烧烤吧（三里屯）,面食类,香草蒜茸鲜虾面,50
天堂烧烤吧（三里屯）,面食类,意大利肉酱面,45
天堂烧烤吧（三里屯）,面食类,海鲜炬面,44
天堂烧烤吧（三里屯）,面食类,意大利奶油培根面,45
天堂烧烤吧（三里屯）,面食类,乌冬汤面,44
天堂烧烤吧（三里屯）,炒饭,培根炬饭,39
天堂烧烤吧（三里屯）,炒饭,墨西哥香肠炒饭,40
天堂烧烤吧（三里屯）,炒饭,印尼炒饭,40
天堂烧烤吧（三里屯）,披萨 （8寸）,北京烤鸭披萨,72
天堂烧烤吧（三里屯）,披萨 （8寸）,鸡肉披萨,55
天堂烧烤吧（三里屯）,披萨 （8寸）,传统披萨,55
天堂烧烤吧（三里屯）,披萨 （8寸）,夏威夷披萨,61
天堂烧烤吧（三里屯）,披萨 （8寸）,墨西哥披萨,66
天堂烧烤吧（三里屯）,披萨 （8寸）,萨拉米披萨,61
天堂烧烤吧（三里屯）,披萨 （8寸）,金枪鱼披萨,61
天堂烧烤吧（三里屯）,主食,黑椒牛柳排,130
天堂烧烤吧（三里屯）,主食,扒煎羊排,105
天堂烧烤吧（三里屯）,主食,香煎三文鱼,108
天堂烧烤吧（三里屯）,主食,龙舌兰牛排,141
天堂烧烤吧（三里屯）,水饺,三鲜饺子,33
天堂烧烤吧（三里屯）,水饺,韭菜鸡蛋饺子,33
天堂烧烤吧（三里屯）,水饺,猪肉大葱饺子,33
天堂烧烤吧（三里屯）,水饺,猪肉香菇饺子,33
天堂烧烤吧（三里屯）,果盘,水果拼盘,55
天堂烧烤吧（三里屯）,小吃 炸品,炸芝士条,56
天堂烧烤吧（三里屯）,小吃 炸品,炸鸡块,28
天堂烧烤吧（三里屯）,小吃 炸品,炸薯格,39
天堂烧烤吧（三里屯）,小吃 炸品,炸薯条,28
天堂烧烤吧（三里屯）,小吃 炸品,炸薯饼,34
天堂烧烤吧（三里屯）,小吃 炸品,黄金蝴蝶虾,50
天堂烧烤吧（三里屯）,小吃 炸品,芙蓉虾,44
天堂烧烤吧（三里屯）,小吃 炸品,洋葱圈,40
天堂烧烤吧（三里屯）,小吃 炸品,爆米花,22
天堂烧烤吧（三里屯）,小吃 炸品,炸薯角,39
天堂烧烤吧（三里屯）,小吃 炸品,三鲜春卷,44
天堂烧烤吧（三里屯）,小吃 炸品,笑脸薯饼,39
天堂烧烤吧（三里屯）,小吃 炸品,香辣鸡腿,50
天堂烧烤吧（三里屯）,小吃 炸品,香辣鸡翅,50
天堂烧烤吧（三里屯）,小吃 炸品,鱿鱼圈,39
天堂烧烤吧（三里屯）,小吃 炸品,地瓜丸,33
天堂烧烤吧（三里屯）,小吃 炸品,香芋派,33
天堂烧烤吧（三里屯）,小吃 炸品,南瓜饼,33
天堂烧烤吧（三里屯）,烧烤类,烤羊排,22
天堂烧烤吧（三里屯）,烧烤类,肉筋3串,10
天堂烧烤吧（三里屯）,烧烤类,鸡胗3串,10
天堂烧烤吧（三里屯）,烧烤类,鸡脆骨3串,10
天堂烧烤吧（三里屯）,烧烤类,鸡心3串,10
天堂烧烤吧（三里屯）,烧烤类,鸡关节3串,10
天堂烧烤吧（三里屯）,烧烤类,鸡肉串3串,10
天堂烧烤吧（三里屯）,烧烤类,肥腰,22
天堂烧烤吧（三里屯）,烧烤类,羊肉串3串,10
天堂烧烤吧（三里屯）,烧烤类,烤鸡翅,8
天堂烧烤吧（三里屯）,烧烤类,烤玉米3串,18
天堂烧烤吧（三里屯）,烧烤类,烤羊腿,28
天堂烧烤吧（三里屯）,烧烤类,板筋3串,10
米琪披萨（CBD）,传统比萨,P1. 玛格丽特 （特制番茄酱和马苏里拉）,38
米琪披萨（CBD）,传统比萨,P2. 芦果拉比萨 （特制番茄酱配新鲜芦果拉和马苏里拉奶酪）,38.000
米琪披萨（CBD）,传统比萨,P3. 夏威夷比萨 （特制番茄酱 马苏里拉奶酪 方火腿）,38
米琪披萨（CBD）,传统比萨,P4. 传统意大利比萨 （特制番茄酱、马苏里拉奶酪、意大利香肠）,38.000
米琪披萨（CBD）,特色比萨,P5. 四喜比萨 （特色番茄酱配四种奶酪）,46
米琪披萨（CBD）,特色比萨,P7. 什锦比萨 （特制番茄酱配马苏里拉奶酪、方火腿、蘑菇、黑橄榄、洋葱、洋葱芯、阿里根努）,46.000
米琪披萨（CBD）,特色比萨,P6. 田园风光 （特制番茄酱和马苏里拉奶酪、圣女果、蘑菇、洋葱、青椒、黑橄榄）,46
米琪披萨（CBD）,特色比萨,P8. 米琪比萨 （特制番茄酱、马苏里拉奶酪、培根、色拉米、青豆、甜玉米、黑胡椒、洋葱）,46.000
米琪披萨（CBD）,特色比萨,P9. 吞拿鱼比萨 （特制番茄酱、马苏里拉奶酪、洋葱、吞拿鱼）,46
米琪披萨（CBD）,特色比萨,P10. 帕尔玛火腿比萨 （特制番茄酱、马苏里拉奶酪、帕尔玛火腿）,46.000
米琪披萨（CBD）,特色比萨,P11. 烟熏鸡肉比萨 （特制番茄酱、马苏里拉奶酪、烟熏鸡肉、洋葱、青椒）,46
米琪披萨（CBD）,特色比萨,P12. 火腿蘑菇比萨,46.000
米琪披萨（CBD）,超值比萨,P13. 海鲜比萨 （特制番茄酱、马苏里拉奶酪、虾仁、鱿鱼、蟹柳、鲜贝）,49
米琪披萨（CBD）,超值比萨,P14. 全荤比萨 （特制番茄酱、马苏里拉奶酪、培根、香肠、牛肉粒、烟熏火鸡肉）,49.000
米琪披萨（CBD）,超值比萨,P15. 三文鱼比萨 （特制番茄酱、马苏里拉奶酪、烟熏三文鱼）,49
米琪披萨（CBD）,意面配酱汁、意米,C1. 奶油汁蘑菇火腿意面,48
米琪披萨（CBD）,意面配酱汁、意米,C2. 番茄牛肉面,38
米琪披萨（CBD）,意面配酱汁、意米,C3. 意式咸肉面,38
米琪披萨（CBD）,意面配酱汁、意米,C4. 双辣番茄面,35
米琪披萨（CBD）,意面配酱汁、意米,C6. 番茄意面,35
米琪披萨（CBD）,意面配酱汁、意米,C5. 海鲜面,48
米琪披萨（CBD）,意面配酱汁、意米,C7. 烟三文鱼奶油面,48
米琪披萨（CBD）,意面配酱汁、意米,R1. 蘑菇意面,48
米琪披萨（CBD）,意面配酱汁、意米,R2. 海鲜米饭,58
米琪披萨（CBD）,主菜,M1. 香煎鸡腿配蘑菇汁 （香煎鸡腿配蔬菜、蘑菇汁）,58
米琪披萨（CBD）,主菜,M2. 扒大虾 （香草扒大虾配蔬菜、柠檬汁）,88
米琪披萨（CBD）,主菜,M3. 扒进口牛里脊配红酒汁 （安格斯牛柳配蔬菜、红酒汁）,88
米琪披萨（CBD）,主菜,M4. 澳洲西冷 （澳洲西冷牛排配蔬菜、黑胡椒汁）,168
米琪披萨（CBD）,主菜,M6. 澳洲眼肉牛排 （澳洲眼肉配蔬菜、黑胡椒汁）,228
米琪披萨（CBD）,主菜,M5. 法式羊排 （法式羊排配蔬菜、黑胡椒汁）,98
米琪披萨（CBD）,主菜,M8. 香煎三文鱼配柠檬汁 （香草扒三文鱼配蔬菜、柠檬汁）,88
米琪披萨（CBD）,主菜,M7. 意式扒鲈鱼 （香草扒鲈鱼配蔬菜）,78
米琪披萨（CBD）,主菜,M8. 铁板牛仔骨配黑胡椒 （牛仔骨配蔬菜、黑胡椒）,98
米琪披萨（CBD）,头盘,A1. 红白小蝶,28
米琪披萨（CBD）,头盘,A2. 蜜瓜火腿,38
米琪披萨（CBD）,头盘,A3. 罗马式牛肉配芦果拉,48
米琪披萨（CBD）,头盘,A4. 什锦肉盘,42
米琪披萨（CBD）,头盘,A5. 鸡尾鲜虾,38
米琪披萨（CBD）,头盘,A6. 烟熏三文鱼,38
米琪披萨（CBD）,头盘,A7. 烤奶酪蘑菇,28
米琪披萨（CBD）,沙拉,S1. 凯撒沙拉 （罗马生菜、帕玛森芝士、面包丁 培根）,25
米琪披萨（CBD）,沙拉,S2. 地中海沙拉 （什锦菜、小西红柿、洋鸡芯、油醋汁）,25
米琪披萨（CBD）,沙拉,S3. 蘑菇沙拉 （白口菇 香菇、小西红柿、柠檬汁）,28
米琪披萨（CBD）,沙拉,S4. 芦果拉沙拉 （芦果拉、小西红柿、油醋汁）,30
米琪披萨（CBD）,沙拉,S5. 蔬菜沙拉 （什锦生菜、小西红柿、油醋汁）,25
米琪披萨（CBD）,沙拉,S6. 米琪沙拉 （什锦生菜、百口蘑、洋鸡芯、美滋来乐奶酪、青椒、红椒、黄椒）,36
米琪披萨（CBD）,沙拉,S7. 铁扒鸡肉沙拉 （生菜、鸡胸肉、小西红柿、核桃仁、柠檬汁）,32
米琪披萨（CBD）,沙拉,S8. 厨师沙拉 （牛肉、火腿、马苏里拉奶酪、鸡胸、鸡蛋、什锦生菜、小西红柿、油醋汁）,38
米琪披萨（CBD）,沙拉,S9. 金枪鱼沙拉 （吞拿鱼、黑橄榄、生菜、洋葱圈、小西红柿、油醋汁）,38
米琪披萨（CBD）,小吃,B1. 番茄蒜茸面包,20
米琪披萨（CBD）,小吃,B2. 蒜茸面包,18
米琪披萨（CBD）,小吃,B3. 香辣鸡翅,38
米琪披萨（CBD）,小吃,B4. 炸奶酪,36
米琪披萨（CBD）,小吃,B5. 炸薯条,20
米琪披萨（CBD）,小吃,B6. 炸鱿鱼圈,32
米琪披萨（CBD）,汤,Q1. 意大利蔬菜汤,20
米琪披萨（CBD）,汤,Q2. 海鲜汤,38
米琪披萨（CBD）,汤,Q3. 奶油蘑菇汤,25
米琪披萨（CBD）,汤,Q4. 奶油南瓜汤,20
米琪披萨（CBD）,甜品,D1. 巧克力软心蛋糕,26
米琪披萨（CBD）,甜品,D3. 奶油香草布丁,26
米琪披萨（CBD）,甜品,D5. 黑森林蛋糕,25
米琪披萨（CBD）,甜品,D4. 奶油芝士蛋糕,25
米琪披萨（CBD）,甜品,D6. 水果酸奶捞,20
隐泉之语 （金融街）,一品料理,煮毛豆,22
隐泉之语 （金融街）,一品料理,菠菜卷,28
隐泉之语 （金融街）,一品料理,一品海藻,25
隐泉之语 （金融街）,一品料理,和风三文鱼,78
隐泉之语 （金融街）,一品料理,醋汁裙带菜,35
隐泉之语 （金融街）,一品料理,油梨拌纳豆,28
隐泉之语 （金融街）,一品料理,鸡蛋卷,38
隐泉之语 （金融街）,一品料理,黑鱼子配冷豆腐,25
隐泉之语 （金融街）,一品料理,辣白菜,25
隐泉之语 （金融街）,一品料理,拌秋葵,38
隐泉之语 （金融街）,一品料理,海苔花生,36
隐泉之语 （金融街）,一品料理,酒蒸鸡肉,38
隐泉之语 （金融街）,一品料理,烘培干果 （秋葵、黄桃、苹果）,32
隐泉之语 （金融街）,一品料理,鸡丝炒牛蒡,22
隐泉之语 （金融街）,一品料理,炸软壳蟹卷,65
隐泉之语 （金融街）,一品料理,味付小海螺,65
隐泉之语 （金融街）,一品料理,醋拌海蜇,36
隐泉之语 （金融街）,一品料理,醋汁活鳗,85
隐泉之语 （金融街）,汤和沙拉,味噌汤,22
隐泉之语 （金融街）,汤和沙拉,什锦蘑菇汤,22
隐泉之语 （金融街）,汤和沙拉,松茸茶壶汤,55
隐泉之语 （金融街）,汤和沙拉,蟹子沙拉,55
隐泉之语 （金融街）,汤和沙拉,蔬菜沙拉 （味噌汁/和风汁/梅子汁/芥末汁）,38
隐泉之语 （金融街）,汤和沙拉,嫩烧金枪鱼沙拉,38.000
隐泉之语 （金融街）,汤和沙拉,隐泉沙拉,75
隐泉之语 （金融街）,汤和沙拉,土豆沙拉,65
隐泉之语 （金融街）,汤和沙拉,牛油果沙拉,28
隐泉之语 （金融街）,生鱼片,大脂金枪鱼,560
隐泉之语 （金融街）,生鱼片,鲜蓝鳍金枪,398
隐泉之语 （金融街）,生鱼片,UNI海胆 （主厨推荐）,108
隐泉之语 （金融街）,生鱼片,特级牡丹虾 （主厨推荐）,65
隐泉之语 （金融街）,生鱼片,甜虾,108
隐泉之语 （金融街）,生鱼片,金枪鱼,108
隐泉之语 （金融街）,生鱼片,挪威三文鱼,88
隐泉之语 （金融街）,生鱼片,北极贝,90
隐泉之语 （金融街）,生鱼片,扇贝,90
隐泉之语 （金融街）,生鱼片,赤贝,90
隐泉之语 （金融街）,生鱼片,活加吉鱼 （份）,88
隐泉之语 （金融街）,生鱼片,活加吉鱼 （条）,285
隐泉之语 （金融街）,生鱼片,章鱼,88
隐泉之语 （金融街）,生鱼片,墨鱼,85
隐泉之语 （金融街）,生鱼片,红鱼籽,118
隐泉之语 （金融街）,寿司,澳洲龙虾,1780
隐泉之语 （金融街）,寿司,大脂金枪鱼,180
隐泉之语 （金融街）,寿司,鲜蓝鳍金枪,150
隐泉之语 （金融街）,寿司,响螺 （主厨推荐）,225
隐泉之语 （金融街）,寿司,生蚝 （主厨推荐）,85
隐泉之语 （金融街）,寿司,UNI海胆 （主厨推荐）,38
隐泉之语 （金融街）,寿司,甜虾,38
隐泉之语 （金融街）,寿司,金枪鱼,38
隐泉之语 （金融街）,寿司,挪威三文鱼,30
隐泉之语 （金融街）,寿司,北极贝,35
隐泉之语 （金融街）,寿司,章鱼,35
隐泉之语 （金融街）,寿司,墨鱼,35
隐泉之语 （金融街）,寿司,红鱼籽,38
隐泉之语 （金融街）,寿司,鲜芥末,18
隐泉之语 （金融街）,生鱼片和寿司拼盘,什锦寿司拼盘,198
隐泉之语 （金融街）,生鱼片和寿司拼盘,什锦生鱼拼盘,198
隐泉之语 （金融街）,手卷和细卷,活鳗鱼手卷,55
隐泉之语 （金融街）,手卷和细卷,辣金枪手卷,35
隐泉之语 （金融街）,手卷和细卷,金丝手卷,28
隐泉之语 （金融街）,手卷和细卷,软壳蟹手卷,45
隐泉之语 （金融街）,手卷和细卷,大虾油梨手卷,38
隐泉之语 （金融街）,手卷和细卷,虾芦笋手卷,35
隐泉之语 （金融街）,手卷和细卷,红鱼籽手卷,55
隐泉之语 （金融街）,手卷和细卷,三文鱼手卷,38
隐泉之语 （金融街）,手卷和细卷,牛肉手卷,38
隐泉之语 （金融街）,手卷和细卷,金枪鱼细卷,35
隐泉之语 （金融街）,手卷和细卷,黄瓜细卷,25
隐泉之语 （金融街）,手卷和细卷,酪梨细卷,35
隐泉之语 （金融街）,手卷和细卷,三文鱼细卷,35
隐泉之语 （金融街）,手卷和细卷,炸甜虾寿司,45
隐泉之语 （金融街）,手卷和细卷,星鳗寿司,55
隐泉之语 （金融街）,手卷和细卷,火烧三文鱼寿司,35
隐泉之语 （金融街）,手卷和细卷,鹅肝牛肉寿司,48
隐泉之语 （金融街）,手卷和细卷,蟹子手卷,35
隐泉之语 （金融街）,手卷和细卷,火烧金枪鱼寿司,38
隐泉之语 （金融街）,手卷和细卷,墨鱼海胆寿司,45
隐泉之语 （金融街）,手卷和细卷,牛油果寿司,22
隐泉之语 （金融街）,特色寿司,G卷 （炸软壳蟹、油梨、油渣、鳗鱼、白金枪、蟹籽）,95
隐泉之语 （金融街）,特色寿司,MICHAEL卷 （主厨推荐，鲜虾沙拉、黄瓜丝、油梨、三文、金枪、鱼子酱、苏子叶丝）,95
隐泉之语 （金融街）,特色寿司,宠爱卷 （炸红薯、油梨、白芝麻）,70
隐泉之语 （金融街）,特色寿司,露西卷 （主厨推荐，炸虾、辣三文、蟹籽、油渣、油梨）,85
隐泉之语 （金融街）,特色寿司,汉娜卷 （虾沙拉、生菜、油梨、鳗鱼、三文鱼）,85
隐泉之语 （金融街）,特色寿司,蝴蝶卷 （主厨推荐，炸虾、蟹肉沙拉、油梨 鳗鱼、寿司虾）,88
隐泉之语 （金融街）,特色寿司,小安卷 （主厨推荐，炸虾、油梨、辣三文、油渣）,85
隐泉之语 （金融街）,特色寿司,嘎扎卷 （炸虾、黑根丝、辣金枪、葱花 蟹籽）,85
隐泉之语 （金融街）,特色寿司,美琪卷 （主厨推荐，炸虾、油梨、黑根丝、白金枪、鹅肝）,118
隐泉之语 （金融街）,特色寿司,劳力士卷 （鹅肝、黄瓜丝、黑根丝、油梨、金箔）,108
隐泉之语 （金融街）,特色寿司,MOTO 卷 （主厨推荐，蟹肉沙拉、炸辣金枪、油梨、金枪鱼、蟹籽）,88
隐泉之语 （金融街）,特色寿司,丹尼卷 （蟹肉沙拉、炸虾、油梨、寿司虾、蟹籽）,82
隐泉之语 （金融街）,特色寿司,加州卷 （蟹柳 黄瓜丝、油梨、白芝麻）,78
隐泉之语 （金融街）,特色寿司,佳丽卷 （辣金枪、炸虾、油梨、鳗鱼、小蟹籽）,82
隐泉之语 （金融街）,特色寿司,海神卷 （蟹肉沙拉、炸软壳蟹、鳗鱼、红金枪、油梨酱 ）,88
隐泉之语 （金融街）,特色寿司,顺风卷 （主厨推荐，辣三文、炸洋葱丝、黑根丝、油渣）,85
隐泉之语 （金融街）,特色寿司,烈火卷 （辣金枪、黑根丝、油梨、白金枪）,82
隐泉之语 （金融街）,特色寿司,119卷 （辣金枪、红金枪鱼）,80
隐泉之语 （金融街）,特色寿司,菜青虫卷 （炸虾、小蟹籽、油梨）,85
隐泉之语 （金融街）,特色寿司,鳗鱼虾卷 （炸虾、鳗鱼）,80
隐泉之语 （金融街）,热菜,煮雷笋,38
隐泉之语 （金融街）,热菜,照烧鸡肉,68
隐泉之语 （金融街）,热菜,酱烧牛肉,128
隐泉之语 （金融街）,热菜,炒什锦蔬菜,38
隐泉之语 （金融街）,热菜,自家嫩烧豆腐,38
隐泉之语 （金融街）,热菜,牛肉炒辣白菜,58
隐泉之语 （金融街）,炸物,爆米花虾 （主厨推荐）,38
隐泉之语 （金融街）,炸物,酥炸牛蒡,35
隐泉之语 （金融街）,炸物,炸鸡软骨,48
隐泉之语 （金融街）,炸物,大虾天妇罗 （只）,18
隐泉之语 （金融街）,炸物,什锦天妇罗,85
隐泉之语 （金融街）,炸物,秋葵天妇罗 （时令）,65
隐泉之语 （金融街）,炸物,芦笋天妇罗,65
隐泉之语 （金融街）,炸物,隐泉炸豆腐 （主厨推荐）,22
隐泉之语 （金融街）,炸物,山药天妇罗,48
隐泉之语 （金融街）,炸物,白薯天妇罗,38
隐泉之语 （金融街）,炸物,软壳蟹天妇罗,65
隐泉之语 （金融街）,烤物,鹌鹑蛋,18
隐泉之语 （金融街）,烤物,烤鸡翅,48
隐泉之语 （金融街）,烤物,烤鸡皮 （主厨推荐）,25
隐泉之语 （金融街）,烤物,烤芦笋,48
隐泉之语 （金融街）,烤物,烤什锦蘑菇串,28
隐泉之语 （金融街）,烤物,五花肉,32
隐泉之语 （金融街）,烤物,汁烤鱼腹,36
隐泉之语 （金融街）,烤物,鸡皮虾卷,25
隐泉之语 （金融街）,烤物,盐烤银杏,36
隐泉之语 （金融街）,烤物,日式烤鳗鱼,98
隐泉之语 （金融街）,烤物,西京烧银鳕鱼 （主厨推荐）,98
隐泉之语 （金融街）,烤物,照烧银鳕鱼,96
隐泉之语 （金融街）,烤物,盐烤银鳕鱼,95
隐泉之语 （金融街）,烤物,烤鸡肉大葱,30
隐泉之语 （金融街）,烤物,蛋黄烤牡蛎,58
隐泉之语 （金融街）,烤物,鸡肉丸子 （主厨推荐）,28
隐泉之语 （金融街）,烤物,培根蘑菇卷,36
隐泉之语 （金融街）,烤物,烤青花鱼,56
隐泉之语 （金融街）,烤物,烤三文鱼头,58
隐泉之语 （金融街）,烤物,烤秋刀鱼,48
隐泉之语 （金融街）,锅物和主食,蔬菜豆腐锅,55
隐泉之语 （金融街）,锅物和主食,牛肉鸡素烧,128
隐泉之语 （金融街）,锅物和主食,牛肉辣菜锅,75
隐泉之语 （金融街）,锅物和主食,鱼头豆腐锅,75
隐泉之语 （金融街）,锅物和主食,锅烧牛舌,178
隐泉之语 （金融街）,锅物和主食,隐泉炒饭,48
隐泉之语 （金融街）,锅物和主食,和牛炒饭,48.000
隐泉之语 （金融街）,锅物和主食,骨汤拉面,75
隐泉之语 （金融街）,锅物和主食,牛肉乌冬面,56
隐泉之语 （金融街）,锅物和主食,沾面,56
隐泉之语 （金融街）,锅物和主食,白米饭,50
隐泉之语 （金融街）,甜品,煎香蕉 （个）,15
隐泉之语 （金融街）,甜品,水果拼盘 （位）,15
隐泉之语 （金融街）,甜品,水果拼盘 （份）,66
隐泉之语 （金融街）,甜品,杨枝甘露 （杯）,35
隐泉之语 （金融街）,甜品,雪儿冰露 （杯）,35
隐泉之语 （金融街）,甜品,抹茶 （杯）,25
隐泉之语 （金融街）,甜品,巧克力熔岩蛋糕 （个）,30
隐泉之语 （金融街）,甜品,紫薯卷 （个）,15
隐泉之语 （金融街）,甜品,牛奶布丁 （杯）,28
天和晟京味菜馆,烤鸭,精品烤鸭 （半套）,71
天和晟京味菜馆,烤鸭,精品烤鸭 （套）,139
天和晟京味菜馆,烤鸭,传统烤鸭 （半套）,59
天和晟京味菜馆,烤鸭,传统烤鸭 （套）,109
天和晟京味菜馆,烤鸭,荷叶饼 （20张）,6
天和晟京味菜馆,烤鸭,白糖,6
天和晟京味菜馆,烤鸭,葱丝,6
天和晟京味菜馆,烤鸭,甜面酱,6
天和晟京味菜馆,烤鸭,黄瓜条,6
天和晟京味菜馆,烤鸭,香椿苗,6
天和晟京味菜馆,烤鸭,椒盐鸭架,16
天和晟京味菜馆,烤鸭,白菜豆腐炖鸭架,21
天和晟京味菜馆,凉菜,农家酱腔骨,39
天和晟京味菜馆,凉菜,老北京豆酱,19
天和晟京味菜馆,凉菜,胡同三祥,23
天和晟京味菜馆,凉菜,京味芥末墩,19
天和晟京味菜馆,凉菜,乾隆白菜,17
天和晟京味菜馆,凉菜,京味菜根香,17
天和晟京味菜馆,凉菜,老北京焖酥鱼,27
天和晟京味菜馆,凉菜,棒棒鸡,29
天和晟京味菜馆,凉菜,翡翠鲜桃仁,27
天和晟京味菜馆,凉菜,盐水鸭肝,23
天和晟京味菜馆,凉菜,腊八蒜泡凤爪,33
天和晟京味菜馆,凉菜,巧手菠菜,17
天和晟京味菜馆,凉菜,香椿苗核桃仁,27
天和晟京味菜馆,凉菜,蜇头白菜心,19
天和晟京味菜馆,凉菜,三文鱼刺身,59
天和晟京味菜馆,凉菜,芥末鸭掌,33
天和晟京味菜馆,凉菜,老汤酱香猪手,33
天和晟京味菜馆,凉菜,清肺云耳,23
天和晟京味菜馆,凉菜,香辣鸭胗,21
天和晟京味菜馆,凉菜,秘制肘花,33
天和晟京味菜馆,凉菜,老北京酱肉拼盘,59
天和晟京味菜馆,凉菜,五香酱牛肉,33
天和晟京味菜馆,凉菜,南极冰海藻,19
天和晟京味菜馆,凉菜,酱香鸭头,4
天和晟京味菜馆,凉菜,蓝莓山药,29
天和晟京味菜馆,凉菜,白水羊头,33
天和晟京味菜馆,凉菜,高碑店豆皮卷,23
天和晟京味菜馆,凉菜,水晶红果,21
天和晟京味菜馆,凉菜,香椿苗豆腐丝,17
天和晟京味菜馆,凉菜,风味海笋,19
天和晟京味菜馆,凉菜,特色大拌菜,23
天和晟京味菜馆,凉菜,酸辣蕨根粉,19
天和晟京味菜馆,凉菜,酱香鸭翅,21
天和晟京味菜馆,凉菜,手掰肠,23
天和晟京味菜馆,凉菜,酱香驴肉,33
天和晟京味菜馆,凉菜,蜜汁莲藕,23
天和晟京味菜馆,凉菜,老醋蛰头,49
天和晟京味菜馆,凉菜,醋捞三宝,27
天和晟京味菜馆,凉菜,美味双珍,21
天和晟京味菜馆,凉菜,杭椒小松花,19
天和晟京味菜馆,凉菜,老醋花生,16
天和晟京味菜馆,老北京,京式爆肚,37
天和晟京味菜馆,老北京,老北京扒牛肉条,69
天和晟京味菜馆,老北京,麻豆腐,17
天和晟京味菜馆,老北京,自制臭豆腐,19
天和晟京味菜馆,老北京,豆汁 （小碗）,3
天和晟京味菜馆,老北京,豆汁 （大碗）,6
天和晟京味菜馆,老北京,焦圈,2
天和晟京味菜馆,老北京,炸灌肠,17
天和晟京味菜馆,老北京,老北京烧羊肉,59
天和晟京味菜馆,老北京,四合院炖菜,33
天和晟京味菜馆,老北京,铁板葱爆鸭心,33
天和晟京味菜馆,老北京,老北京粘卷子,33
天和晟京味菜馆,老北京,烂蒜烩肥肠,33
天和晟京味菜馆,老北京,黄鱼贴饼子,49
天和晟京味菜馆,老北京,老北京四大碗,49
天和晟京味菜馆,老北京,酱爆鸭片,39
天和晟京味菜馆,老北京,烙饼卷带鱼,43
天和晟京味菜馆,老北京,干炸小丸子,33
天和晟京味菜馆,老北京,焦溜丸子,37
天和晟京味菜馆,老北京,宫廷里脊,37
天和晟京味菜馆,老北京,四喜丸子 （4个）,43
天和晟京味菜馆,老北京,宅门扣肉,39
天和晟京味菜馆,老北京,糯米荷香蒸排骨,39
天和晟京味菜馆,老北京,京式炖吊子,37
天和晟京味菜馆,老北京,小笼粉蒸肉,33
天和晟京味菜馆,京鲁风,葱烧海参,129
天和晟京味菜馆,京鲁风,清蒸萝卜丸子,33
天和晟京味菜馆,京鲁风,砂锅狮子头,43
天和晟京味菜馆,京鲁风,笑口常开,29
天和晟京味菜馆,京鲁风,海参烧鹿筋,89
天和晟京味菜馆,京鲁风,滋补焖蹄花,49
天和晟京味菜馆,京鲁风,葱烧蹄筋,59
天和晟京味菜馆,京鲁风,烧汁鲜鱿,59
天和晟京味菜馆,京鲁风,海参过油肉,49
天和晟京味菜馆,京鲁风,葱香鲈鱼,59
天和晟京味菜馆,京鲁风,菠萝虾球,59
天和晟京味菜馆,京鲁风,京酱肉丝,28
天和晟京味菜馆,京鲁风,酥皮虾,49
天和晟京味菜馆,京鲁风,油焖大虾,39
天和晟京味菜馆,京鲁风,李鸿章大烩菜,109
天和晟京味菜馆,京鲁风,香酥葱油鸡,59
天和晟京味菜馆,京鲁风,兰花百合炒鲜虾,59
天和晟京味菜馆,京鲁风,红焖全肘,69
天和晟京味菜馆,京鲁风,腰果虾球,59
天和晟京味菜馆,京鲁风,铁板烧汁鲈鱼,59
天和晟京味菜馆,京鲁风,铁板黑椒牛柳,49
天和晟京味菜馆,川湘味,酸菜鱼,33
天和晟京味菜馆,川湘味,酸汤嫩滑鸡,39
天和晟京味菜馆,川湘味,长豆角烧茄子,27
天和晟京味菜馆,川湘味,小炒脆黄瓜,33
天和晟京味菜馆,川湘味,农家小炒肉,29
天和晟京味菜馆,川湘味,精品嫩腰花,40
天和晟京味菜馆,川湘味,水煮牛肉,33
天和晟京味菜馆,川湘味,水煮肉,29
天和晟京味菜馆,川湘味,山城毛血旺,39
天和晟京味菜馆,川湘味,红煨甲鱼,189
天和晟京味菜馆,川湘味,清炖甲鱼,189
天和晟京味菜馆,川湘味,干锅鸡鸭杂,29
天和晟京味菜馆,川湘味,干锅土豆片,23
天和晟京味菜馆,川湘味,钵仔野山菌,33
天和晟京味菜馆,川湘味,干锅茶树菇,33
天和晟京味菜馆,川湘味,砂锅水晶粉,23
天和晟京味菜馆,川湘味,干锅脆豆腐,23
天和晟京味菜馆,川湘味,干锅牛蛙,59
天和晟京味菜馆,川湘味,生炒牛娃,49
天和晟京味菜馆,川湘味,干锅有机菜花,29
天和晟京味菜馆,川湘味,干锅手撕包菜,23
天和晟京味菜馆,川湘味,剁椒鱼头,79
天和晟京味菜馆,川湘味,鱼头泡饼,79
天和晟京味菜馆,家常,干锅香辣虾,49
天和晟京味菜馆,家常,萝卜丸子煮珍菌,33
天和晟京味菜馆,家常,土芹炒肉,29
天和晟京味菜馆,家常,芜爆散丹,37
天和晟京味菜馆,家常,芦蒿炒肉丝,29
天和晟京味菜馆,家常,干炸小黄鱼,27
天和晟京味菜馆,家常,炒合菜,29
天和晟京味菜馆,家常,芥末牛柳,33
天和晟京味菜馆,家常,麻婆豆腐,23
天和晟京味菜馆,家常,糖醋里脊,33
天和晟京味菜馆,家常,京味爆三样,33
天和晟京味菜馆,家常,溜肝尖,29
天和晟京味菜馆,家常,鱼香肉丝,21
天和晟京味菜馆,家常,鲜虾嫩豆腐,33
天和晟京味菜馆,家常,宫保鸡丁,21
天和晟京味菜馆,官府荟,三鲜老豆腐,29
天和晟京味菜馆,官府荟,酸菜汆白肉,29
天和晟京味菜馆,官府荟,一品黄坛香,39
天和晟京味菜馆,官府荟,精品黄坛香,79
天和晟京味菜馆,官府荟,珍品黄坛香,139
天和晟京味菜馆,官府荟,金沙鸡汤煨辽参,129
天和晟京味菜馆,官府荟,鲍汁扣辽参,129
天和晟京味菜馆,官府荟,国宴狮子头,23
天和晟京味菜馆,官府荟,萝卜丝煮大虾,13
天和晟京味菜馆,时素,浓汤四宝,59
天和晟京味菜馆,时素,谭府黄焖裙边,59
天和晟京味菜馆,时素,养颜四宝,33
天和晟京味菜馆,时素,白灼芥兰,30
天和晟京味菜馆,时素,腊肉荷兰豆,33
天和晟京味菜馆,时素,香椿苗炒柴鸡蛋,29
天和晟京味菜馆,时素,干煸四季豆,23
天和晟京味菜馆,时素,土豆丝炒粉条,19
天和晟京味菜馆,时素,青瓜山药炒木耳,29
天和晟京味菜馆,时素,松仁玉米,29
天和晟京味菜馆,时素,烧二冬,23
天和晟京味菜馆,时素,烧茄子,23
天和晟京味菜馆,时素,蒜蓉粉丝娃娃菜,27
天和晟京味菜馆,时素,香菇烧豆腐,23
天和晟京味菜馆,时素,清炒西兰花,29
天和晟京味菜馆,时素,鲮鱼油麦菜,27
天和晟京味菜馆,时素,丝瓜炒毛豆,23
天和晟京味菜馆,时素,菜心炒珍菌,27
天和晟京味菜馆,时素,老厨白菜,23
天和晟京味菜馆,时素,木须小白菜,23
天和晟京味菜馆,时素,酸辣汤 （大）,21
天和晟京味菜馆,时素,酸辣汤 （小）,16
天和晟京味菜馆,时素,紫菜蛋花汤 （大）,21
天和晟京味菜馆,时素,紫菜蛋花汤 （小）,16
天和晟京味菜馆,时素,莼菜乌鱼蛋羹 （大）,29
天和晟京味菜馆,时素,莼菜乌鱼蛋羹 （小）,19
天和晟京味菜馆,时素,疙瘩汤 （大）,21
天和晟京味菜馆,时素,疙瘩汤 （小）,16
天和晟京味菜馆,时素,西湖牛肉羹 （大）,21
天和晟京味菜馆,时素,西湖牛肉羹 （小）,16
天和晟京味菜馆,主食,豌豆黄,16
天和晟京味菜馆,主食,芸豆卷,19
天和晟京味菜馆,主食,小豆凉糕,16
天和晟京味菜馆,主食,驴打滚,16
天和晟京味菜馆,主食,老北京小吃拼盘,59
天和晟京味菜馆,主食,手抓饼,16
天和晟京味菜馆,主食,家常饼,13
天和晟京味菜馆,主食,炸饹馇,13
天和晟京味菜馆,主食,炸咯吱盒,13
天和晟京味菜馆,主食,面包酥虾排,16
天和晟京味菜馆,主食,南瓜饼,16
天和晟京味菜馆,主食,葱花饼,16
天和晟京味菜馆,主食,玉米饼,13
天和晟京味菜馆,主食,鲜肉烧卖,21
天和晟京味菜馆,主食,韭菜盒子 （个）,6
天和晟京味菜馆,主食,老北京锅贴,16
天和晟京味菜馆,主食,脆皮香芋卷,13
天和晟京味菜馆,主食,胡塌子,13
天和晟京味菜馆,主食,猪肉三鲜水饺,36
天和晟京味菜馆,主食,家常肉饼,23
天和晟京味菜馆,主食,韭菜鸡蛋水饺,26
天和晟京味菜馆,主食,酱油时蔬炒饭,21
天和晟京味菜馆,主食,蛋炒饭,16
天和晟京味菜馆,主食,什锦炒饭,27
天和晟京味菜馆,主食,白米饭,3
红色生活 （金融街）,本店特色,水鱼土鸡煲,129
红色生活 （金融街）,本店特色,水鱼土鸡煲,129
红色生活 （金融街）,本店特色,酱椒鱼头,79
红色生活 （金融街）,本店特色,酱椒鱼头,79
红色生活 （金融街）,本店特色,剁椒鱼头,69
红色生活 （金融街）,本店特色,剁椒鱼头,69
红色生活 （金融街）,本店特色,双椒鱼头,69
红色生活 （金融街）,本店特色,双椒鱼头,69
红色生活 （金融街）,本店特色,秘制飘香鱼,89
红色生活 （金融街）,本店特色,秘制飘香鱼,89
红色生活 （金融街）,本店特色,毛氏红烧肉,53
红色生活 （金融街）,本店特色,毛氏红烧肉,53
红色生活 （金融街）,本店特色,宝庆丸子炒腊肉,59
红色生活 （金融街）,本店特色,宝庆丸子炒腊肉,59
红色生活 （金融街）,本店特色,花菇煨蹄筋（一位）,23
红色生活 （金融街）,本店特色,花菇煨蹄筋（一位）,23
红色生活 （金融街）,本店特色,花菇煨蹄筋,99
红色生活 （金融街）,本店特色,花菇煨蹄筋,99
红色生活 （金融街）,本店特色,干烧黄花鱼,89
红色生活 （金融街）,本店特色,干烧黄花鱼,89
红色生活 （金融街）,本店特色,干笋玉米老鸭汤（小）,79
红色生活 （金融街）,本店特色,干笋玉米老鸭汤（小）,79
红色生活 （金融街）,本店特色,湘葱爆鲈鱼,69
红色生活 （金融街）,本店特色,湘葱爆鲈鱼,69
红色生活 （金融街）,本店特色,干笋玉米老鸭汤（大）,129
红色生活 （金融街）,本店特色,干笋玉米老鸭汤（大）,129
红色生活 （金融街）,本店特色,乡巴佬煮鱼,69
红色生活 （金融街）,本店特色,乡巴佬煮鱼,69
红色生活 （金融街）,本店特色,香锅野生鲶鱼,79
红色生活 （金融街）,本店特色,香锅野生鲶鱼,79
红色生活 （金融街）,精品凉菜,潇湘手剥笋,17
红色生活 （金融街）,精品凉菜,潇湘手剥笋,17
红色生活 （金融街）,精品凉菜,五福临门,33
红色生活 （金融街）,精品凉菜,五福临门,33
红色生活 （金融街）,精品凉菜,水果沙拉,19
红色生活 （金融街）,精品凉菜,水果沙拉,19
红色生活 （金融街）,精品凉菜,卤水拼盘,59
红色生活 （金融街）,精品凉菜,一品大拌菜,19
红色生活 （金融街）,精品凉菜,卤水拼盘,59
红色生活 （金融街）,精品凉菜,一品大拌菜,19
红色生活 （金融街）,精品凉菜,卤水豆腐,19
红色生活 （金融街）,精品凉菜,一罐香泡菜,29
红色生活 （金融街）,精品凉菜,一罐香泡菜,29
红色生活 （金融街）,精品凉菜,卤水豆腐,19
红色生活 （金融街）,精品凉菜,凉拌黑木耳,16
红色生活 （金融街）,精品凉菜,凉拌黑木耳,16
红色生活 （金融街）,精品凉菜,卤水金钱肚,36
红色生活 （金融街）,精品凉菜,卤水金钱肚,36
红色生活 （金融街）,精品凉菜,蓝莓山药,23
红色生活 （金融街）,精品凉菜,蓝莓山药,23
红色生活 （金融街）,精品凉菜,酱香肘花,29
红色生活 （金融街）,精品凉菜,酱香肘花,29
红色生活 （金融街）,精品凉菜,酸辣蕨根粉,19
红色生活 （金融街）,精品凉菜,酸辣蕨根粉,19
红色生活 （金融街）,精品凉菜,夫妻肺片,33
红色生活 （金融街）,精品凉菜,夫妻肺片,33
红色生活 （金融街）,精品凉菜,爽口莴笋丝,16
红色生活 （金融街）,精品凉菜,爽口莴笋丝,16
红色生活 （金融街）,精品凉菜,酱香牛腱子,29
红色生活 （金融街）,精品凉菜,酱香牛腱子,29
红色生活 （金融街）,精品凉菜,老醋花生,13
红色生活 （金融街）,精品凉菜,老醋花生,13
红色生活 （金融街）,精品凉菜,烧椒皮蛋,19
红色生活 （金融街）,精品凉菜,烧椒皮蛋,19
红色生活 （金融街）,精品凉菜,桂花糯米藕,23
红色生活 （金融街）,精品凉菜,桂花糯米藕,23
红色生活 （金融街）,精品凉菜,杭式酱萝卜,17
红色生活 （金融街）,精品凉菜,杭式酱萝卜,17
红色生活 （金融街）,精品凉菜,葱油鸡,29
红色生活 （金融街）,精品凉菜,葱油鸡,29
红色生活 （金融街）,精品凉菜,丁香鱼菜心,19
红色生活 （金融街）,精品凉菜,丁香鱼菜心,19
红色生活 （金融街）,精品凉菜,原味鸡蛋干,17
红色生活 （金融街）,精品凉菜,原味鸡蛋干,17
红色生活 （金融街）,精品凉菜,核桃仁拌香椿苗,19
红色生活 （金融街）,精品凉菜,核桃仁拌香椿苗,19
红色生活 （金融街）,精品凉菜,凉拌黑豆腐丝,17
红色生活 （金融街）,精品凉菜,凉拌黑豆腐丝,17
红色生活 （金融街）,精品凉菜,盐水鸭,48
红色生活 （金融街）,精品凉菜,盐水鸭（半只）,26
红色生活 （金融街）,精品凉菜,盐水鸭,48
红色生活 （金融街）,精品凉菜,盐水鸭（半只）,26
红色生活 （金融街）,精品凉菜,青瓜拌木耳,19
红色生活 （金融街）,精品凉菜,麻辣鸡胗,23
红色生活 （金融街）,精品凉菜,麻辣鸡胗,23
红色生活 （金融街）,精品凉菜,青瓜拌木耳,19
红色生活 （金融街）,精品凉菜,小黄瓜沾酱,19
红色生活 （金融街）,精品凉菜,小黄瓜沾酱,19
红色生活 （金融街）,精品湘菜,湘情节节香,59
红色生活 （金融街）,精品湘菜,湘情节节香,59
红色生活 （金融街）,精品湘菜,一品竹篓虾,59
红色生活 （金融街）,精品湘菜,一品竹篓虾,59
红色生活 （金融街）,精品湘菜,萝卜干炒腊肉,43
红色生活 （金融街）,精品湘菜,萝卜干炒腊肉,43
红色生活 （金融街）,精品湘菜,腊八豆烧鲈鱼,69
红色生活 （金融街）,精品湘菜,腊八豆烧鲈鱼,69
红色生活 （金融街）,精品湘菜,红煨黑山羊,129
红色生活 （金融街）,精品湘菜,红煨黑山羊,129
红色生活 （金融街）,精品湘菜,一品香之驴,69
红色生活 （金融街）,精品湘菜,一品香之驴,69
红色生活 （金融街）,精品湘菜,香味牛蛙煲,38
红色生活 （金融街）,精品湘菜,香味牛蛙煲,38
红色生活 （金融街）,精品湘菜,黄豆焖猪手,59
红色生活 （金融街）,精品湘菜,黄豆焖猪手,59
红色生活 （金融街）,精品湘菜,湘味水煮鱼,39
红色生活 （金融街）,精品湘菜,湘味水煮鱼,39
红色生活 （金融街）,精品湘菜,香辣鸡中翅,59
红色生活 （金融街）,精品湘菜,香辣鸡中翅,59
红色生活 （金融街）,精品湘菜,洞庭小河虾,49
红色生活 （金融街）,精品湘菜,洞庭小河虾,49
红色生活 （金融街）,精品湘菜,白椒鸡胗,43
红色生活 （金融街）,精品湘菜,白椒鸡胗,43
红色生活 （金融街）,精品湘菜,香辣盆盆虾,59
红色生活 （金融街）,精品湘菜,香辣盆盆虾,59
红色生活 （金融街）,传统精品菜,小米辽参,68
红色生活 （金融街）,传统精品菜,小米辽参,68
红色生活 （金融街）,传统精品菜,京城佛跳墙,29
红色生活 （金融街）,传统精品菜,京城佛跳墙,29
红色生活 （金融街）,传统精品菜,滑溜里脊,43
红色生活 （金融街）,传统精品菜,滑溜里脊,43
红色生活 （金融街）,传统精品菜,金玉满堂,59
红色生活 （金融街）,传统精品菜,金玉满堂,59
红色生活 （金融街）,传统精品菜,鱼香肉丝,28
红色生活 （金融街）,传统精品菜,鱼香肉丝,28
红色生活 （金融街）,传统精品菜,剁椒冬笋肉丝,29
红色生活 （金融街）,传统精品菜,剁椒冬笋肉丝,29
红色生活 （金融街）,传统精品菜,烧二冬,29
红色生活 （金融街）,传统精品菜,烧二冬,29
红色生活 （金融街）,传统精品菜,腰果虾仁,59
红色生活 （金融街）,传统精品菜,腰果虾仁,59
红色生活 （金融街）,传统精品菜,鸡腿菇炒牛柳,49
红色生活 （金融街）,传统精品菜,鸡腿菇炒牛柳,49
红色生活 （金融街）,传统精品菜,酱爆鸭片,43
红色生活 （金融街）,传统精品菜,酱爆鸭片,43
红色生活 （金融街）,传统精品菜,鸡毛菜炒木耳,29
红色生活 （金融街）,传统精品菜,鸡毛菜炒木耳,29
红色生活 （金融街）,传统精品菜,木须肉,29
红色生活 （金融街）,传统精品菜,木须肉,29
红色生活 （金融街）,传统精品菜,茄子煲,26
红色生活 （金融街）,传统精品菜,茄子煲,26
红色生活 （金融街）,传统精品菜,五花肉炒圆白菜,29
红色生活 （金融街）,传统精品菜,五花肉炒圆白菜,29
红色生活 （金融街）,营养靓汤,滋补当归黑山羊,169
红色生活 （金融街）,营养靓汤,滋补当归黑山羊,169
红色生活 （金融街）,营养靓汤,养生土鸡汤(一位）,29
红色生活 （金融街）,营养靓汤,养生土鸡汤(一位）,29
红色生活 （金融街）,营养靓汤,养生土鸡汤,79
红色生活 （金融街）,营养靓汤,养生土鸡汤,79
红色生活 （金融街）,营养靓汤,竹荪菌汤（一位）,29
红色生活 （金融街）,营养靓汤,竹荪菌汤（一位）,29
红色生活 （金融街）,营养靓汤,竹荪菌汤,129
红色生活 （金融街）,营养靓汤,猪肝菌土鸡煲,69
红色生活 （金融街）,营养靓汤,猪肝菌土鸡煲,69
红色生活 （金融街）,营养靓汤,竹荪菌汤,129
红色生活 （金融街）,营养靓汤,薯粉土鸡煲,69
红色生活 （金融街）,营养靓汤,薯粉土鸡煲,69
红色生活 （金融街）,湘味小炒,土匪猪肝,33
红色生活 （金融街）,湘味小炒,土匪猪肝,33
红色生活 （金融街）,湘味小炒,养生杂粮包,43
红色生活 （金融街）,湘味小炒,养生杂粮包,43
红色生活 （金融街）,湘味小炒,砂钵水晶粉,29
红色生活 （金融街）,湘味小炒,砂钵水晶粉,29
红色生活 （金融街）,湘味小炒,砂钵娃娃菜,26
红色生活 （金融街）,湘味小炒,砂钵娃娃菜,26
红色生活 （金融街）,湘味小炒,小炒黄牛肉,40
红色生活 （金融街）,湘味小炒,小炒黄牛肉,40
红色生活 （金融街）,湘味小炒,剁椒鸡蛋炒虾仁,39
红色生活 （金融街）,湘味小炒,剁椒鸡蛋炒虾仁,39
红色生活 （金融街）,湘味小炒,大凉山腊肠,49
红色生活 （金融街）,湘味小炒,大凉山腊肠,49
红色生活 （金融街）,湘味小炒,杭椒炒肉,33
红色生活 （金融街）,湘味小炒,杭椒炒肉,33
红色生活 （金融街）,湘味小炒,小炒菜花干,29
红色生活 （金融街）,湘味小炒,农家小炒鸡,36
红色生活 （金融街）,湘味小炒,小炒菜花干,29
红色生活 （金融街）,湘味小炒,农家小炒鸡,36
红色生活 （金融街）,湘味小炒,松仁玉米,29
红色生活 （金融街）,湘味小炒,松仁玉米,29
红色生活 （金融街）,湘味小炒,大碗菜花,29
红色生活 （金融街）,湘味小炒,大碗菜花,29
红色生活 （金融街）,湘味小炒,干笋炒腊肉,43
红色生活 （金融街）,湘味小炒,干笋炒腊肉,43
红色生活 （金融街）,湘味小炒,地木耳炒鸡蛋,30
红色生活 （金融街）,湘味小炒,地木耳炒鸡蛋,30
红色生活 （金融街）,湘味小炒,小笋炒酸菜,29
红色生活 （金融街）,湘味小炒,小笋炒酸菜,29
红色生活 （金融街）,锅锅飘香,干锅黑山羊,129
红色生活 （金融街）,锅锅飘香,干锅黑山羊,129
红色生活 （金融街）,锅锅飘香,干锅仔鸡,46
红色生活 （金融街）,锅锅飘香,干锅仔鸡,46
红色生活 （金融街）,锅锅飘香,干锅花菜干,39
红色生活 （金融街）,锅锅飘香,干锅花菜干,39
红色生活 （金融街）,锅锅飘香,干锅带皮牛肉,49
红色生活 （金融街）,锅锅飘香,干锅带皮牛肉,49
红色生活 （金融街）,锅锅飘香,干锅牛腩,59
红色生活 （金融街）,锅锅飘香,干锅牛腩,59
红色生活 （金融街）,锅锅飘香,干锅肥肠,49
红色生活 （金融街）,锅锅飘香,干锅肥肠,49
红色生活 （金融街）,锅锅飘香,干锅牛蛙,39
红色生活 （金融街）,锅锅飘香,干锅牛蛙,39
红色生活 （金融街）,锅锅飘香,干锅娃娃菜,36
红色生活 （金融街）,锅锅飘香,干锅娃娃菜,36
红色生活 （金融街）,锅锅飘香,干锅双菇,43
红色生活 （金融街）,锅锅飘香,干锅双菇,43
红色生活 （金融街）,锅锅飘香,干锅鸡杂,46
红色生活 （金融街）,锅锅飘香,干锅鸡杂,46
红色生活 （金融街）,锅锅飘香,干锅脆豆腐,29
红色生活 （金融街）,锅锅飘香,干锅脆豆腐,29
红色生活 （金融街）,锅锅飘香,干锅土豆片,29
红色生活 （金融街）,锅锅飘香,干锅土豆片,29
红色生活 （金融街）,锅锅飘香,干锅墨鱼仔,69
红色生活 （金融街）,锅锅飘香,干锅墨鱼仔,69
红色生活 （金融街）,蒸蒸日上,湘味扣肉,49
红色生活 （金融街）,蒸蒸日上,湘味扣肉,49
红色生活 （金融街）,蒸蒸日上,四喜丸子,9
红色生活 （金融街）,蒸蒸日上,四喜丸子,9
红色生活 （金融街）,蒸蒸日上,蒜茸粉丝蒸娃娃菜,29
红色生活 （金融街）,蒸蒸日上,蒜茸粉丝蒸娃娃菜,29
红色生活 （金融街）,蒸蒸日上,开胃金针菇,29
红色生活 （金融街）,蒸蒸日上,开胃金针菇,29
红色生活 （金融街）,蒸蒸日上,椒盐肘子,89
红色生活 （金融街）,蒸蒸日上,椒盐肘子,89
红色生活 （金融街）,蒸蒸日上,虾仁蒸水蛋,29
红色生活 （金融街）,蒸蒸日上,虾仁蒸水蛋,29
红色生活 （金融街）,田园时蔬,白灼芥兰,39
红色生活 （金融街）,田园时蔬,白灼芥兰,39
红色生活 （金融街）,田园时蔬,豇豆炒茄条,26
红色生活 （金融街）,田园时蔬,豇豆炒茄条,26
红色生活 （金融街）,田园时蔬,西芹百合,29
红色生活 （金融街）,田园时蔬,西芹百合,29
红色生活 （金融街）,田园时蔬,养生小炒,29
红色生活 （金融街）,田园时蔬,养生小炒,29
红色生活 （金融街）,田园时蔬,清炒西兰花,29
红色生活 （金融街）,田园时蔬,清炒西兰花,29
红色生活 （金融街）,田园时蔬,油菜（炝炒、蒜茸、清炒）,20
红色生活 （金融街）,田园时蔬,油菜（炝炒、蒜茸、清炒）,20
红色生活 （金融街）,田园时蔬,清炒苦瓜,26
红色生活 （金融街）,田园时蔬,清炒苦瓜,26
红色生活 （金融街）,田园时蔬,小白菜（炝炒、蒜茸、清炒）,20
红色生活 （金融街）,田园时蔬,小白菜（炝炒、蒜茸、清炒）,20
红色生活 （金融街）,田园时蔬,土豆（炝炒、酸辣、清炒）,20
红色生活 （金融街）,田园时蔬,土豆（炝炒、酸辣、清炒）,20
红色生活 （金融街）,美味汤羹,山珍菌汤,49
红色生活 （金融街）,美味汤羹,山珍菌汤,49
红色生活 （金融街）,美味汤羹,白菜豆腐肉丸汤,39
红色生活 （金融街）,美味汤羹,白菜豆腐肉丸汤,39
红色生活 （金融街）,美味汤羹,云山青菜钵,20
红色生活 （金融街）,美味汤羹,云山青菜钵,20
红色生活 （金融街）,美味汤羹,萝卜排骨汤（小）,39
红色生活 （金融街）,美味汤羹,萝卜排骨汤（小）,39
红色生活 （金融街）,美味汤羹,萝卜排骨汤（大）,59
红色生活 （金融街）,美味汤羹,萝卜排骨汤（大）,59
红色生活 （金融街）,美味汤羹,山药排骨汤（小）,39
红色生活 （金融街）,美味汤羹,山药排骨汤（小）,39
红色生活 （金融街）,美味汤羹,山药排骨汤（大）,59
红色生活 （金融街）,美味汤羹,山药排骨汤（大）,59
红色生活 （金融街）,美味汤羹,西红柿鸡蛋汤,20
红色生活 （金融街）,美味汤羹,西红柿鸡蛋汤,20
红色生活 （金融街）,经典主食,五谷杂粮养生饭,5
红色生活 （金融街）,经典主食,五谷杂粮养生饭,5
红色生活 （金融街）,经典主食,神仙钵饭,3
红色生活 （金融街）,经典主食,养生窝窝头,19
红色生活 （金融街）,经典主食,养生窝窝头,19
红色生活 （金融街）,经典主食,神仙钵饭,3
红色生活 （金融街）,经典主食,金银馒头,19
红色生活 （金融街）,经典主食,金银馒头,19
红色生活 （金融街）,经典主食,南瓜饼,19
红色生活 （金融街）,经典主食,南瓜饼,19
红色生活 （金融街）,经典主食,湘味炒饭,23
红色生活 （金融街）,经典主食,湘味炒饭,23
红色生活 （金融街）,经典主食,蛋炒饭,19
红色生活 （金融街）,经典主食,蛋炒饭,19
红色生活 （金融街）,经典主食,西红柿鸡蛋面,11
红色生活 （金融街）,经典主食,西红柿鸡蛋面,11
红色生活 （金融街）,经典主食,炸酱面,13
红色生活 （金融街）,经典主食,炸酱面,13
红色生活 （金融街）,经典主食,茄丁肉丁,11
红色生活 （金融街）,经典主食,茄丁肉丁,11
合兴源东北菜（金融街店）,东北特色,风味大排,71
合兴源东北菜（金融街店）,东北特色,东北铁锅炖菜,51
合兴源东北菜（金融街店）,东北特色,小笨鸡炖蘑菇,62
合兴源东北菜（金融街店）,东北特色,特色鱼头炮饼,61
合兴源东北菜（金融街店）,东北特色,德莫利炖活鱼,62
合兴源东北菜（金融街店）,东北特色,合兴源关东鸭,51
合兴源东北菜（金融街店）,东北特色,乡村铁锅鱼,62
合兴源东北菜（金融街店）,东北特色,韭香铁板串烤虾,60
合兴源东北菜（金融街店）,东北特色,铁板海鲜全家福,59
合兴源东北菜（金融街店）,东北特色,猪肉炖粉条,39
合兴源东北菜（金融街店）,东北特色,氽白肉,33
合兴源东北菜（金融街店）,东北特色,砂锅风味海带,31
合兴源东北菜（金融街店）,东北特色,当归羊肉,40
合兴源东北菜（金融街店）,精美凉菜,三文鱼刺身,60
合兴源东北菜（金融街店）,精美凉菜,刺身黑木耳,22
合兴源东北菜（金融街店）,精美凉菜,XO酱拌菠菜,28
合兴源东北菜（金融街店）,精美凉菜,西芹北极贝,30
合兴源东北菜（金融街店）,精美凉菜,手剥笋,22
合兴源东北菜（金融街店）,精美凉菜,香油西芹,18
合兴源东北菜（金融街店）,精美凉菜,皮蛋豆腐,18
合兴源东北菜（金融街店）,精美凉菜,小葱拌豆腐,14
合兴源东北菜（金融街店）,精美凉菜,泰式小泡菜,17
合兴源东北菜（金融街店）,精美凉菜,口水鸡,30
合兴源东北菜（金融街店）,精美凉菜,东北大拉皮,22
合兴源东北菜（金融街店）,精美凉菜,捞汁辽参（位）,100
合兴源东北菜（金融街店）,精美凉菜,酱香猪手（只）,26
合兴源东北菜（金融街店）,精美凉菜,麻酱油麦菜,20
合兴源东北菜（金融街店）,精美凉菜,牛肉拌苦菊,24
合兴源东北菜（金融街店）,精美凉菜,奶香紫薯泥,26
合兴源东北菜（金融街店）,精美凉菜,蜇头白菜心,30
合兴源东北菜（金融街店）,精美凉菜,虾仁沙律牛肉,30
合兴源东北菜（金融街店）,精美凉菜,三鲜黑拉皮,34
合兴源东北菜（金融街店）,精美凉菜,肘花拍黄瓜,28
合兴源东北菜（金融街店）,精美凉菜,黄瓜拌金针菇,18
合兴源东北菜（金融街店）,精美凉菜,拍黄瓜,18
合兴源东北菜（金融街店）,精美凉菜,捞汁蕨根粉,20
合兴源东北菜（金融街店）,精美凉菜,黄瓜沾酱,17
合兴源东北菜（金融街店）,精美凉菜,麻油酱萝卜,20
合兴源东北菜（金融街店）,精美凉菜,捞汁海参,60
合兴源东北菜（金融街店）,精美凉菜,秘制鸭肝,26
合兴源东北菜（金融街店）,精美凉菜,红酒醉雪梨,20
合兴源东北菜（金融街店）,精美凉菜,姜汁松花蛋,18
合兴源东北菜（金融街店）,精美凉菜,红油牛肚,28
合兴源东北菜（金融街店）,精美凉菜,捞汁蜇头,50
合兴源东北菜（金融街店）,精美凉菜,老醋蜇头,40
合兴源东北菜（金融街店）,精美凉菜,东北风味肘花,34
合兴源东北菜（金融街店）,精美凉菜,丁香鱼拌苦菊,26
合兴源东北菜（金融街店）,精美凉菜,老虎菜,18
合兴源东北菜（金融街店）,精美凉菜,老醋花生米,20
合兴源东北菜（金融街店）,精美凉菜,莲耦山药拌蔬菜,22
合兴源东北菜（金融街店）,精美凉菜,酱牛肉,38
合兴源东北菜（金融街店）,精美凉菜,水果沙拉,22
合兴源东北菜（金融街店）,精美凉菜,果仁万年青,20
合兴源东北菜（金融街店）,精美凉菜,大丰收,32
合兴源东北菜（金融街店）,精美凉菜,哈尔滨风干肠,30
合兴源东北菜（金融街店）,精美凉菜,山椒凤爪,27
合兴源东北菜（金融街店）,精美凉菜,合兴源大拌菜,26
合兴源东北菜（金融街店）,精美凉菜,家常凉菜,22
合兴源东北菜（金融街店）,精美凉菜,凉拌笋丝,20
合兴源东北菜（金融街店）,精美凉菜,哈尔滨风红肠,30
合兴源东北菜（金融街店）,精美凉菜,豉油尖椒圈,20
合兴源东北菜（金融街店）,精美凉菜,茉莉花苦瓜,20
合兴源东北菜（金融街店）,精美凉菜,川香蔬菜卷,20
合兴源东北菜（金融街店）,精美凉菜,凉拌萝卜苗,18
合兴源东北菜（金融街店）,精美凉菜,鲜菊花拌木耳,24
合兴源东北菜（金融街店）,精美凉菜,蓝莓山药,24
合兴源东北菜（金融街店）,本店特色,锅包肉,41
合兴源东北菜（金融街店）,本店特色,乡村小炒,22
合兴源东北菜（金融街店）,本店特色,风味茄子,26
合兴源东北菜（金融街店）,本店特色,孜然鸡翅,40
合兴源东北菜（金融街店）,本店特色,农家拆骨肉,34
合兴源东北菜（金融街店）,本店特色,葱烧黑木耳,28
合兴源东北菜（金融街店）,本店特色,红焖肉干豆角,38
合兴源东北菜（金融街店）,本店特色,排骨玉米鹌鹑蛋,42
合兴源东北菜（金融街店）,本店特色,牛肉焖尖椒茄子,34
合兴源东北菜（金融街店）,本店特色,农家焖豆腐,22
合兴源东北菜（金融街店）,本店特色,双菇爆鸡丁,30
合兴源东北菜（金融街店）,本店特色,虾仁蒸蛋,20
合兴源东北菜（金融街店）,本店特色,土豆烧牛肉,32
合兴源东北菜（金融街店）,本店特色,尖椒炒干豆腐,20
合兴源东北菜（金融街店）,本店特色,夹馍外婆菜,31
合兴源东北菜（金融街店）,本店特色,榛蘑烧豆腐,22
合兴源东北菜（金融街店）,本店特色,合兴源霸王鸡,90
合兴源东北菜（金融街店）,本店特色,铁板鲶鱼焗茄子,62
合兴源东北菜（金融街店）,本店特色,一锅酸菜烩全肘,72
合兴源东北菜（金融街店）,本店特色,里脊爆虾球,60
合兴源东北菜（金融街店）,本店特色,大鹅炖酸菜,52
合兴源东北菜（金融街店）,本店特色,大鹅炖土豆,52
合兴源东北菜（金融街店）,本店特色,东北乱炖,39
合兴源东北菜（金融街店）,本店特色,特色烤鱼（香辣/泡椒/豆豉/蒜香）,62
合兴源东北菜（金融街店）,家常小炒,小虾大肠烧豆腐,40
合兴源东北菜（金融街店）,家常小炒,橄榄菜肉沫四季豆,30
合兴源东北菜（金融街店）,家常小炒,串烤鲫鱼,44
合兴源东北菜（金融街店）,家常小炒,小炒鸡腿菇,32
合兴源东北菜（金融街店）,家常小炒,榛蘑炒土豆片,28
合兴源东北菜（金融街店）,家常小炒,香辣核桃翅,38
合兴源东北菜（金融街店）,家常小炒,海参巧炒菜,30
合兴源东北菜（金融街店）,家常小炒,港式煎烤牛肉,50
合兴源东北菜（金融街店）,家常小炒,老厨白菜,28
合兴源东北菜（金融街店）,家常小炒,酸菜粉,24
合兴源东北菜（金融街店）,家常小炒,溜肉段,40
合兴源东北菜（金融街店）,家常小炒,鱼香肉丝,24
合兴源东北菜（金融街店）,家常小炒,地三鲜,24
合兴源东北菜（金融街店）,家常小炒,养颜四宝,28
合兴源东北菜（金融街店）,家常小炒,宫爆鸡丁,26
合兴源东北菜（金融街店）,家常小炒,干虾豆腐丝,30
合兴源东北菜（金融街店）,家常小炒,糖醋里脊,40
合兴源东北菜（金融街店）,家常小炒,京酱肉丝,26
合兴源东北菜（金融街店）,家常小炒,肉松焗茶树菇,30
合兴源东北菜（金融街店）,家常小炒,敲虾豆苗,28
合兴源东北菜（金融街店）,家常小炒,杏鲍菇烧牛肉,38
合兴源东北菜（金融街店）,家常小炒,极品蒜香猪手,40
合兴源东北菜（金融街店）,家常小炒,夹馍猪腰,40
合兴源东北菜（金融街店）,家常小炒,口味鸡胗,38
合兴源东北菜（金融街店）,家常小炒,小炒猪肝,30
合兴源东北菜（金融街店）,家常小炒,酱扒茄子,22
合兴源东北菜（金融街店）,家常小炒,油妃豆腐,28
合兴源东北菜（金融街店）,家常小炒,地皮菜炒鸡蛋,24
合兴源东北菜（金融街店）,家常小炒,葱爆羊肉卷饼,38
合兴源东北菜（金融街店）,家常小炒,肉碎山椒炒蕨菜,30
合兴源东北菜（金融街店）,家常小炒,铁板黑椒牛柳,44
合兴源东北菜（金融街店）,家常小炒,蕨菜炒肉丝,30
合兴源东北菜（金融街店）,家常小炒,白玉菇炒时蔬,26
合兴源东北菜（金融街店）,家常小炒,骨香鱼,45
合兴源东北菜（金融街店）,家常小炒,泰汁虾球,60
合兴源东北菜（金融街店）,家常小炒,八珍豆腐,38
合兴源东北菜（金融街店）,家常小炒,家常豆腐,24
合兴源东北菜（金融街店）,家常小炒,松仁玉米,30
合兴源东北菜（金融街店）,家常小炒,豆花肥肠,40
合兴源东北菜（金融街店）,家常小炒,蚕豆辣子鸡,32
合兴源东北菜（金融街店）,家常小炒,海味煮干丝,36
合兴源东北菜（金融街店）,家常小炒,火爆腰花,40
合兴源东北菜（金融街店）,家常小炒,合兴源水晶粉,26
合兴源东北菜（金融街店）,家常小炒,农家小炒肉,34
合兴源东北菜（金融街店）,家常小炒,鲜棒蘑炒肉片,38
合兴源东北菜（金融街店）,家常小炒,鲜棒蘑烧排骨,40
合兴源东北菜（金融街店）,家常小炒,软炸刺五加,25
合兴源东北菜（金融街店）,家常小炒,刺五加煎蛋,26
合兴源东北菜（金融街店）,家常小炒,农家炒粉条,22
合兴源东北菜（金融街店）,家常小炒,酸汤鲈鱼,71
合兴源东北菜（金融街店）,家常小炒,干炸小黄鱼,29
合兴源东北菜（金融街店）,家常小炒,茉莉花炒虾仁,60
合兴源东北菜（金融街店）,特色鱼类,红烧甲鱼,80
合兴源东北菜（金融街店）,特色鱼类,水煮鱼,62
合兴源东北菜（金融街店）,特色鱼类,酸菜鱼,62
合兴源东北菜（金融街店）,特色鱼类,清炖鲫鱼,44
合兴源东北菜（金融街店）,特色鱼类,草鱼（松鼠/清蒸/红烧）,62
合兴源东北菜（金融街店）,特色鱼类,大补辽参,100
合兴源东北菜（金融街店）,特色鱼类,白灼海白虾,60
合兴源东北菜（金融街店）,特色鱼类,椒盐海白虾,60
合兴源东北菜（金融街店）,特色鱼类,酱焖鲫鱼,45
合兴源东北菜（金融街店）,特色鱼类,煎焖带鱼,40
合兴源东北菜（金融街店）,特色鱼类,香菇肉片烧海参,61
合兴源东北菜（金融街店）,特色鱼类,小米炖辽参,100
合兴源东北菜（金融街店）,特色鱼类,糖醋刀鱼,40
合兴源东北菜（金融街店）,川菜干锅,水煮肉片,39
合兴源东北菜（金融街店）,川菜干锅,水煮牛肉,41
合兴源东北菜（金融街店）,川菜干锅,毛血旺,41
合兴源东北菜（金融街店）,川菜干锅,干锅排骨翅,41
合兴源东北菜（金融街店）,川菜干锅,干锅农家大肥鹅,51
合兴源东北菜（金融街店）,川菜干锅,干锅土豆片,27
合兴源东北菜（金融街店）,川菜干锅,干锅娃娃菜,29
合兴源东北菜（金融街店）,川菜干锅,干锅牛肉,41
合兴源东北菜（金融街店）,川菜干锅,干锅肥肠,38
合兴源东北菜（金融街店）,川菜干锅,干锅鲜茶树菇,34
合兴源东北菜（金融街店）,川菜干锅,干锅千叶豆腐,31
合兴源东北菜（金融街店）,川菜干锅,干锅四季豆,29
合兴源东北菜（金融街店）,田园时蔬,生菜（蚝油/清炒/蒜茸）,20
合兴源东北菜（金融街店）,田园时蔬,油菜（香菇/蒜茸/清炒）,20
合兴源东北菜（金融街店）,田园时蔬,芥兰（白灼/蒜茸/清炒）,25
合兴源东北菜（金融街店）,田园时蔬,西兰花（蒜茸/北菇/清炒）,24
合兴源东北菜（金融街店）,田园时蔬,西芹（蒜茸/百合）,24
合兴源东北菜（金融街店）,田园时蔬,土豆丝（尖椒/醋溜/酸辣）,20
合兴源东北菜（金融街店）,田园时蔬,豆角(干煸/肉焖）,24
合兴源东北菜（金融街店）,田园时蔬,油麦菜（豆豉鱼鲮鱼）,24
合兴源东北菜（金融街店）,田园时蔬,油麦菜（清炒/蒜茸）,22
合兴源东北菜（金融街店）,田园时蔬,苦瓜（清炒/蒜茸）,26
合兴源东北菜（金融街店）,美味滋补养颜汤,人参鸽子汤,62
合兴源东北菜（金融街店）,美味滋补养颜汤,滋补甲鱼汤,82
合兴源东北菜（金融街店）,美味滋补养颜汤,霸王花煲老鸡,62
合兴源东北菜（金融街店）,美味滋补养颜汤,花杞参炖乌鸡,62
合兴源东北菜（金融街店）,美味滋补养颜汤,排骨炖山药,41
合兴源东北菜（金融街店）,美味滋补养颜汤,猪手五行汤,61
合兴源东北菜（金融街店）,美味滋补养颜汤,益气养胃龙骨汤,61
合兴源东北菜（金融街店）,美味滋补养颜汤,鲜贝煲豆腐汤,31
合兴源东北菜（金融街店）,美味滋补养颜汤,罐肉炖豆腐白菜粉,39
合兴源东北菜（金融街店）,美味汤羹,紫菜蛋花汤,21
合兴源东北菜（金融街店）,美味汤羹,西湖牛肉羹,29
合兴源东北菜（金融街店）,美味汤羹,酸辣汤,21
合兴源东北菜（金融街店）,美味汤羹,蛋花玉米羹,25
合兴源东北菜（金融街店）,甜品,酒香苹果圈,31
合兴源东北菜（金融街店）,甜品,暇仁朱古力,39
合兴源东北菜（金融街店）,甜品,南瓜饼,20
合兴源东北菜（金融街店）,主食,家常肉饼,20
合兴源东北菜（金融街店）,主食,猪肉韭菜饺子（15个）,17
合兴源东北菜（金融街店）,主食,猪肉酸菜饺子（15个）,17
合兴源东北菜（金融街店）,主食,猪肉白菜饺子（15个）,17
合兴源东北菜（金融街店）,主食,猪肉大葱饺子（15个）,17
合兴源东北菜（金融街店）,主食,鸡蛋韭菜饺子（15个）,17
合兴源东北菜（金融街店）,主食,疙瘩汤,15
合兴源东北菜（金融街店）,主食,自制打卤面（西红柿鸡蛋/茄子肉沫）,10
合兴源东北菜（金融街店）,主食,鸡蛋千层饼,15
合兴源东北菜（金融街店）,主食,韭菜盒子(2个）,10
合兴源东北菜（金融街店）,主食,葱花鸡蛋饼,18
合兴源东北菜（金融街店）,主食,木桶素炒饭,14
合兴源东北菜（金融街店）,主食,木桶酱油炒饭,14
合兴源东北菜（金融街店）,主食,木桶酸菜炒饭,14
合兴源东北菜（金融街店）,主食,扬州炒饭,20
合兴源东北菜（金融街店）,主食,米饭（碗）,4
合兴源东北菜（金融街店）,主食,农家大花卷(个）,6
合兴源东北菜（金融街店）,主食,皮蛋瘦肉粥（碗）,10
合兴源东北菜（金融街店）,主食,红枣红豆粥（碗）,8
合兴源东北菜（金融街店）,主食,蔬菜粥（碗）,8
合兴源东北菜（金融街店）,主食,小米粥（碗）,7
合兴源东北菜（金融街店）,主食,南瓜粥（碗）,7
京味斋（月坛店）,凉菜,老醋蛰头,27
京味斋（月坛店）,凉菜,香辣鸭胗,10
京味斋（月坛店）,凉菜,蒜泥茄子,13
京味斋（月坛店）,凉菜,口水鸡,26
京味斋（月坛店）,凉菜,豉香小黄鱼,19
京味斋（月坛店）,凉菜,东北大拉皮,19
京味斋（月坛店）,凉菜,老北京豆酱,19
京味斋（月坛店）,凉菜,杏仁拌苦菊,13
京味斋（月坛店）,凉菜,泉水老豆腐,13
京味斋（月坛店）,凉菜,果蔬沙拉,13
京味斋（月坛店）,凉菜,老汤酱肘花,27
京味斋（月坛店）,凉菜,老汤酱牛肉,27
京味斋（月坛店）,凉菜,京城五福卷,19
京味斋（月坛店）,凉菜,芥末鸭掌,27
京味斋（月坛店）,凉菜,香茜木耳,16
京味斋（月坛店）,凉菜,杭椒皮蛋,20
京味斋（月坛店）,凉菜,焖酥鲫鱼,13
京味斋（月坛店）,凉菜,宫廷咸香鸡,37
京味斋（月坛店）,凉菜,西洋大拌菜,20
京味斋（月坛店）,凉菜,双仁菠菜,17
京味斋（月坛店）,凉菜,老北京手掰肠,27
京味斋（月坛店）,凉菜,香辣鸭翅,13
京味斋（月坛店）,凉菜,香辣鸭头（个）,3
京味斋（月坛店）,凉菜,芥末墩,10
京味斋（月坛店）,凉菜,酱猪手,22
京味斋（月坛店）,凉菜,盐水鸭肝,20
京味斋（月坛店）,凉菜,香椿苗拌干丝,16
京味斋（月坛店）,凉菜,油酥海带,11
京味斋（月坛店）,凉菜,大蒜拍黄瓜,10
京味斋（月坛店）,凉菜,手剥笋,20
京味斋（月坛店）,凉菜,美味脆萝卜,11
京味斋（月坛店）,凉菜,香辣小河虾,25
京味斋（月坛店）,凉菜,炝拌丝瓜尖,22
京味斋（月坛店）,凉菜,桂花糯米藕,19
京味斋（月坛店）,凉菜,酱鸭舌,37
京味斋（月坛店）,凉菜,酸奶鲜果,20
京味斋（月坛店）,凉菜,酸辣蕨根粉,13
京味斋（月坛店）,凉菜,香椿苗拌桃仁,21
京味斋（月坛店）,凉菜,蓝莓山药,25
京味斋（月坛店）,凉菜,老醋花生,11
京味斋（月坛店）,凉菜,乳黄瓜蘸酱（根）,3
京味斋（月坛店）,小吃,风味烧饼,2
京味斋（月坛店）,小吃,羊杂汤,11
京味斋（月坛店）,小吃,焦圈,3
京味斋（月坛店）,京味菜,东海一锅鲜,69
京味斋（月坛店）,京味菜,杏鲍菇牛肉粒,59
京味斋（月坛店）,京味菜,辣爆鸭胗花,20
京味斋（月坛店）,京味菜,薯条酥皮虾,43
京味斋（月坛店）,京味菜,京味大羊排,109
京味斋（月坛店）,京味菜,米粉肉,36
京味斋（月坛店）,京味菜,熘肝尖,27
京味斋（月坛店）,京味菜,青蒜烧鸭血,19
京味斋（月坛店）,京味菜,乱蒜肥肠,37
京味斋（月坛店）,京味菜,毛豆小抓鸡,33
京味斋（月坛店）,京味菜,虾吃窝头,30
京味斋（月坛店）,京味菜,金牌干炸丸子,36
京味斋（月坛店）,京味菜,焦熘丸子,36
京味斋（月坛店）,京味菜,爆三样,36
京味斋（月坛店）,京味菜,地锅鸡,39
京味斋（月坛店）,京味菜,坛子肉,40
京味斋（月坛店）,京味菜,京烧羊肉,69
京味斋（月坛店）,京味菜,招牌烤肉,53
京味斋（月坛店）,京味菜,抓炒虾仁,50
京味斋（月坛店）,京味菜,酱爆桃仁鸡丁,33
京味斋（月坛店）,京味菜,醋溜木须,33
京味斋（月坛店）,京味菜,老汤肘子,69
京味斋（月坛店）,京味菜,火燎鸭心,40
京味斋（月坛店）,京味菜,海鲜豆腐煲,36
京味斋（月坛店）,京味菜,京味炖吊子,39
京味斋（月坛店）,京味菜,京味私房牛肉,50
京味斋（月坛店）,京味菜,香煎带鱼,36
京味斋（月坛店）,京味菜,香酥鸡,39
京味斋（月坛店）,京味菜,鲍汁蔬菜豆腐,29
京味斋（月坛店）,京味菜,啤酒醉牛柳,59
京味斋（月坛店）,京味菜,贫下中农开会,30
京味斋（月坛店）,京味菜,溜肝尖,27
京味斋（月坛店）,京味菜,焦溜肉片,33
京味斋（月坛店）,京味菜,鲜虾一品豆腐,22
京味斋（月坛店）,京味菜,农夫石锅豆腐,23
京味斋（月坛店）,京味菜,焦溜丸子,36
京味斋（月坛店）,京味菜,酸汤肥牛,43
京味斋（月坛店）,京味菜,米粉肉,36
京味斋（月坛店）,京味菜,黄鱼贴饼子,40
京味斋（月坛店）,京味菜,梅菜扣肉,37
京味斋（月坛店）,京味菜,海鲜全家福,43
京味斋（月坛店）,京味菜,鸡里蹦,30
京味斋（月坛店）,京味菜,农家一锅香,47
京味斋（月坛店）,京味菜,葱爆羊肉,39
京味斋（月坛店）,京味菜,铁板黑椒牛柳,39
京味斋（月坛店）,京味菜,炖腔骨,39
京味斋（月坛店）,京味菜,糖醋里脊,24
京味斋（月坛店）,京味菜,四喜丸子（个）,10
京味斋（月坛店）,京味菜,铁板水晶粉,23
京味斋（月坛店）,京味菜,鱼香肉丝,20
京味斋（月坛店）,京味菜,老妈茄子,23
京味斋（月坛店）,京味菜,宫保鸡丁,21
京味斋（月坛店）,京味菜,京酱肉丝（有豆皮）,25
京味斋（月坛店）,京味菜,香煎臭桂鱼,119
京味斋（月坛店）,京味菜,干锅鸭头,20
京味斋（月坛店）,京味菜,干锅菜花,27
京味斋（月坛店）,京味菜,干锅土豆片,19
京味斋（月坛店）,京味菜,秘制牛蛙,69
京味斋（月坛店）,京味菜,农家小炒肉,29
京味斋（月坛店）,京味菜,砂煲娃娃菜,25
京味斋（月坛店）,京味菜,砂煲扁豆丝,24
京味斋（月坛店）,素菜,虾皮小白菜炒粉丝,16
京味斋（月坛店）,素菜,山药炒木耳,22
京味斋（月坛店）,素菜,上汤鸡毛菜,23
京味斋（月坛店）,素菜,蒜茸粉丝蒸娃娃菜,23
京味斋（月坛店）,素菜,茄子炒豆角,22
京味斋（月坛店）,素菜,手撕包菜,14
京味斋（月坛店）,素菜,白灼芥兰,22
京味斋（月坛店）,素菜,油焖双冬,30
京味斋（月坛店）,素菜,健康木耳奶白菜,22
京味斋（月坛店）,素菜,美味小炒,22
京味斋（月坛店）,素菜,酸辣土豆丝,13
京味斋（月坛店）,素菜,蒜茸西兰花,27
京味斋（月坛店）,京味小吃,卤煮（锅）,50
京味斋（月坛店）,京味小吃,卤煮（碗）,19
京味斋（月坛店）,京味小吃,糖卷果,20
京味斋（月坛店）,京味小吃,炒肝,7
京味斋（月坛店）,京味小吃,炸灌肠,14
京味斋（月坛店）,京味小吃,炸咯喳,17
京味斋（月坛店）,汤羹,一品山菌汤,69
京味斋（月坛店）,汤羹,乌鱼蛋汤,23
京味斋（月坛店）,汤羹,酸辣汤,14
京味斋（月坛店）,面点,宫廷四点,49
京味斋（月坛店）,面点,小豆凉糕,10
京味斋（月坛店）,面点,驴打滚 （8个）,17
京味斋（月坛店）,面点,豌豆黄,10
京味斋（月坛店）,面点,杂粮筐,37
京味斋（月坛店）,面点,芸豆卷 （8个）,17
京味斋（月坛店）,面点,京味炸糕 （8个）,19
京味斋（月坛店）,面点,香芋卷 （8个）,19
京味斋（月坛店）,面点,韭菜盒子 （6个）,23
京味斋（月坛店）,面点,葱花饼,13
京味斋（月坛店）,面点,菜团子 （6个）,23
京味斋（月坛店）,面点,糊塌子,7
京味斋（月坛店）,面点,宫廷奶酪,7
京味斋（月坛店）,面点,自制酸奶,7
京味斋（月坛店）,面点,茶汤,7
京味斋（月坛店）,面点,面茶,7
京味斋（月坛店）,面点,炸酱炒饭,15
京味斋（月坛店）,面点,什锦炒饭,19
京味斋（月坛店）,主食,米饭,4
蟹王 （金融街）,凉菜,水豆豉穿心莲,19
蟹王 （金融街）,凉菜,三文鱼拼北极贝,79
蟹王 （金融街）,凉菜,卤水鸭翅,31
蟹王 （金融街）,凉菜,蓝莓山药,26
蟹王 （金融街）,凉菜,腌菜毛豆,19
蟹王 （金融街）,凉菜,香橙鲜马蹄,23
蟹王 （金融街）,凉菜,精品牛筋冻,33
蟹王 （金融街）,凉菜,合肠双拼,29
蟹王 （金融街）,凉菜,水晶红果,21
蟹王 （金融街）,凉菜,捞汁冰藻,23
蟹王 （金融街）,凉菜,青瓜雪梨,19
蟹王 （金融街）,凉菜,江南杏干小排,37
蟹王 （金融街）,凉菜,酱板鸭,29
蟹王 （金融街）,凉菜,卤水金钱肚,37
蟹王 （金融街）,凉菜,巧拌爽口笋丝,19
蟹王 （金融街）,凉菜,香椿芽拌鸭胗,23
蟹王 （金融街）,凉菜,木耳刺身,23
蟹王 （金融街）,凉菜,土豆泥沙拉,18
蟹王 （金融街）,凉菜,香椿核桃仁,27
蟹王 （金融街）,凉菜,香椿苗拌黑豆丝,19
蟹王 （金融街）,凉菜,酸辣蕨根粉,17
蟹王 （金融街）,凉菜,乳瓜沾酱,19
蟹王 （金融街）,凉菜,老醋花生米,13
蟹王 （金融街）,凉菜,老醋木耳,21
蟹王 （金融街）,凉菜,爽口苦菊,20
蟹王 （金融街）,凉菜,爽口西芹,17
蟹王 （金融街）,凉菜,水果沙拉,23
蟹王 （金融街）凉菜,什锦鲜桃仁,30
蟹王 （金融街）,凉菜,手剥笋,21
蟹王 （金融街）,凉菜,山椒凤爪,29
蟹王 （金融街）,凉菜,烧椒皮蛋,19
蟹王 （金融街）,凉菜,老醋蛰头,28
蟹王 （金融街）,凉菜,蓝莓土豆泥,20
蟹王 （金融街）,凉菜,蓝莓银丝,18
蟹王 （金融街）,凉菜,东北拉皮,19
蟹王 （金融街）,凉菜,大碗菜花,29
蟹王 （金融街）,凉菜,大拌菜（小份）,19
蟹王 （金融街）,凉菜,春心荡漾,14
蟹王 （金融街）,凉菜,百宝豆腐,23
蟹王 （金融街）,凉菜,大拌菜（大份）,23
蟹王 （金融街）,主食,米饭,5
蟹王 （金融街）,主食,川北凉粉,16
蟹王 （金融街）,主食,南瓜饼,19
蟹王 （金融街）,主食,葱花饼,12
蟹王 （金融街）,主食,香芋卷,19
蟹王 （金融街）,主食,金银小馒头,17
蟹王 （金融街）,主食,疙瘩汤,19
蟹王 （金融街）,主食,韭菜盒子（个）,7
蟹王 （金融街）,主食,酱油炒饭,19
蟹王 （金融街）,湘菜,白切羊头肉,38
蟹王 （金融街）,湘菜,板栗年糕烧仔排,38
蟹王 （金融街）,湘菜,板栗鸡球,38
蟹王 （金融街）,湘菜,炒红果,18
蟹王 （金融街）,湘菜,钵钵娃娃菜,27
蟹王 （金融街）,湘菜,葱香肥牛,39
蟹王 （金融街）,湘菜,葱香鲈鱼,69
蟹王 （金融街）,湘菜,葱香腰花,36
蟹王 （金融街）,湘菜,醋溜苜蓿,34
蟹王 （金融街）,湘菜,剁椒鱼头,74
蟹王 （金融街）,湘菜,桂花糯米藕,20
蟹王 （金融街）,湘菜,红烧带鱼,36
蟹王 （金融街）,湘菜,红烧肉,38
蟹王 （金融街）,湘菜,滑蛋牛肉,34
蟹王 （金融街）,湘菜,榄菜肉沫四季豆,26
蟹王 （金融街）,湘菜,梅菜扣肉,39
蟹王 （金融街）,湘菜,美极杏鲍菇,33
蟹王 （金融街）,湘菜,迷你一口茄,18
蟹王 （金融街）,湘菜,千层脆耳,28
蟹王 （金融街）,湘菜,铁板黑椒牛柳,38
蟹王 （金融街）,湘菜,铁板肉酱玉子豆腐,29
蟹王 （金融街）,湘菜,铁板烧汁茄夹,30
蟹王 （金融街）,湘菜,铁板水晶粉,29
蟹王 （金融街）,湘菜,双色鱼头,74
蟹王 （金融街）,湘菜,西湖醉鱼,23
蟹王 （金融街）,湘菜,小炒杏鲍菇,33
蟹王 （金融街）,湘菜,香菠咕咾肉,28
蟹王 （金融街）,湘菜,小笼粉蒸肉,39
蟹王 （金融街）,湘菜,小炒仔鸡,33
蟹王 （金融街）,湘菜,杏鲍菇炒绿叶菜,34
蟹王 （金融街）,湘菜,杏鲍菇炒牛柳,46
蟹王 （金融街）,湘菜,小炒茶香干,30
蟹王 （金融街）,湘菜,小炒肝尖,29
蟹王 （金融街）,湘菜,小炒黑木耳,28
蟹王 （金融街）,湘菜,小炒黄牛肉,49
蟹王 （金融街）,湘菜,小炒鸡脆骨,41
蟹王 （金融街）,湘菜,鱼子酱豆腐,20
蟹王 （金融街）,京味,京酱肉丝,29
蟹王 （金融街）,京味,老北京豆酱,21
蟹王 （金融街）,川菜,鱼香肝尖,29
蟹王 （金融街）,川菜,鱼香肉丝,27
蟹王 （金融街）,川菜,樟茶鸭（半只）,36
蟹王 （金融街）,川菜,长豆角炒茄子,23
蟹王 （金融街）,川菜,樟茶鸭（整只）,63
蟹王 （金融街）,川菜,蛰头白菜心,19
蟹王 （金融街）,川菜,重庆口水鸡,29
蟹王 （金融街）,川菜,重庆辣子鸡,48
蟹王 （金融街）,川菜,竹香手撕鸡,41
蟹王 （金融街）,川菜,川味香肠,28
蟹王 （金融街）,川菜,地三鲜,23
蟹王 （金融街）,川菜,茶树菇爆鲜鱿,34
蟹王 （金融街）,川菜,豆豉油渣炒尖椒,26
蟹王 （金融街）,川菜,夫妻肺片,31
蟹王 （金融街）,川菜,干煸豆角,23
蟹王 （金融街）,川菜,干锅肥肠,43
蟹王 （金融街）,川菜,干锅花菜,30
蟹王 （金融街）,川菜,干锅鸡杂,36
蟹王 （金融街）,川菜,干锅井冈山豆皮,30
蟹王 （金融街）,川菜,干锅牛蛙,51
蟹王 （金融街）,川菜,干锅手撕鸡,37
蟹王 （金融街）,川菜,干锅土豆片,26
蟹王 （金融街）,川菜,干锅娃娃菜,29
蟹王 （金融街）,川菜,干锅莴笋腊肉,34
蟹王 （金融街）,川菜,宫爆鸡丁,27
蟹王 （金融街）,川菜,精品毛血旺,69
蟹王 （金融街）,川菜,锅仔西红柿牛腩,39
蟹王 （金融街）,川菜,锅仔鲜肉丸,31
蟹王 （金融街）,川菜,锅仔小鸡蘑菇,30
蟹王 （金融街）,川菜,荷兰豆炒香肠,30
蟹王 （金融街）,川菜,熘肝尖,29
蟹王 （金融街）,川菜,毛血旺,49
蟹王 （金融街）,川菜,麻婆豆腐,19
蟹王 （金融街）,川菜,天府肥牛,39
蟹王 （金融街）,川菜,豌豆辣牛肉,33
蟹王 （金融街）,川菜,四川泡菜,13
蟹王 （金融街）,川菜,泡椒牛蛙,48
蟹王 （金融街）,川菜,酸菜汆白肉,29
蟹王 （金融街）,川菜,酸豆角肉沫,22
蟹王 （金融街）,川菜,酸萝卜炒仔鸭,34
蟹王 （金融街）,川菜,炝炒圆白菜,17
蟹王 （金融街）,川菜,回锅肉,33
蟹王 （金融街）,川菜,砂锅四季豆,29
蟹王 （金融街）,川菜,水煮肉片,37
蟹王 （金融街）,川菜,火爆腰花,37
蟹王 （金融街）,川菜,木须肉,29
蟹王 （金融街）,川菜,酱牛肉,33
蟹王 （金融街）,家常菜,酱香猪蹄,29
蟹王 （金融街）,家常菜,酱香肘花,29
蟹王 （金融街）,家常菜,焦溜丸子 (干炸）,37
蟹王 （金融街）,家常菜,芥兰（清炒、蒜蓉、白灼）,20
蟹王 （金融街）,家常菜,芥末鸭掌,31
蟹王 （金融街）,家常菜,芥兰炒牛肉,34
蟹王 （金融街）,家常菜,广东菜心（清炒、蒜蓉、白灼）,19
蟹王 （金融街）,家常菜,榄菜蒸水蛋,21
蟹王 （金融街）,家常菜,秘制木瓜,28
蟹王 （金融街）,家常菜,木耳炒山药,27
蟹王 （金融街）,家常菜,农家菜豆花,23
蟹王 （金融街）,家常菜,农家煎豆腐,23
蟹王 （金融街）,家常菜,农家小炒肉,33
蟹王 （金融街）,家常菜,芹菜姜芽,18
蟹王 （金融街）,家常菜,青菜钵,23
蟹王 （金融街）,家常菜,青瓜木耳,23
蟹王 （金融街）,家常菜,青蒜炒猪皮,24
蟹王 （金融街）,家常菜,全家福,69
蟹王 （金融街）,家常菜,肉沫丽花茄子,23
蟹王 （金融街）,家常菜,肉沫小白菜,24
蟹王 （金融街）,家常菜,肉丝香芹炒鲜粉,24
蟹王 （金融街）,家常菜,烧汁四宝蔬,28
蟹王 （金融街）,家常菜,丝瓜烩酥肉,30
蟹王 （金融街）,家常菜,松仁玉米,25
蟹王 （金融街）,家常菜,蒜蓉粉丝蒸娃娃菜,27
蟹王 （金融街）,家常菜,糖醋里脊,29
蟹王 （金融街）,家常菜,五花肉大白菜,22
蟹王 （金融街）,家常菜,西兰花（清炒、蒜蓉）,21
蟹王 （金融街）,家常菜,咸蛋黄焗南瓜,33
蟹王 （金融街）,家常菜,咸蛋黄玉米粒,25
蟹王 （金融街）,家常菜,乡村炒合菜,27
蟹王 （金融街）,家常菜,香椿苗炒鸡蛋,27
蟹王 （金融街）,家常菜,香葱木耳炒鸡蛋,26
蟹王 （金融街）,汤,紫菜蛋花汤,17
蟹王 （金融街）,汤,八珍豆腐煲,33
蟹王 （金融街）,汤,西红柿鸡蛋汤,17
蟹王 （金融街）,汤,酸辣汤,19
蟹王 （金融街）,汤,砂煲水芹菜,28
蟹王 （金融街）,汤,农家排骨煲,38
蟹王 （金融街）,汤,绿豆海带煲腔骨,39
蟹王 （金融街）,汤,什锦杂菇煲,30
蟹王 （金融街）,汤,平桥豆腐羹,24
蟹王 （金融街）,海鲜&河鲜,孜然鱿鱼须,37
蟹王 （金融街）,海鲜&河鲜,养生海藻,21
蟹王 （金融街）,海鲜&河鲜,腰果虾仁,46
蟹王 （金融街）,海鲜&河鲜,蟹王一品魔芋丝,17
蟹王 （金融街）,海鲜&河鲜,香辣馋嘴蛙,84
蟹王 （金融街）,海鲜&河鲜,香辣盆盆虾,59
蟹王 （金融街）,海鲜&河鲜,虾球木耳炒培根,49
蟹王 （金融街）,海鲜&河鲜,蒜蓉粉丝蒸扇贝（两只起）,12
蟹王 （金融街）,海鲜&河鲜,水蜜桃配明虾律,34
蟹王 （金融街）,海鲜&河鲜,软炸虾仁,46
蟹王 （金融街）,海鲜&河鲜,三文鱼刺身,69
蟹王 （金融街）,海鲜&河鲜,海参烧鹿筋,80
蟹王 （金融街）,海鲜&河鲜,葱烧黄玉参,70
蟹王 （金融街）,海鲜&河鲜,碧绿明虾球,69
蟹王 （金融街）,海鲜&河鲜,扁豆虾酱炒鸡蛋,24
巴黎贝甜,面包类,甜甜圈,6
巴黎贝甜,面包类,螺旋多拿,6
巴黎贝甜,面包类,羊角面包,7
巴黎贝甜,面包类,葡萄干丹麦,8
巴黎贝甜,面包类,巧克力条奶油面包,7
巴黎贝甜,面包类,甜牛奶面包,9
巴黎贝甜,面包类,原味肉松,6
巴黎贝甜,面包类,辣肉松,6
巴黎贝甜,面包类,泰式辣肠包,8
巴黎贝甜,面包类,蒜香奇普（原味）,11
巴黎贝甜,面包类,蒜香奇普（谷物）,11
巴黎贝甜,面包类,西兰花堡卡恰匹萨,8
巴黎贝甜,面包类,萨拉米堡卡恰匹萨,8
巴黎贝甜,面包类,蘑菇堡卡恰匹萨,9
巴黎贝甜,面包类,至尊鸡肉匹萨,8
巴黎贝甜,面包类,早上好,13
巴黎贝甜,面包类,黄油吐司,15
巴黎贝甜,面包类,奶油吐司,14
巴黎贝甜,面包类,白吐司,10
巴黎贝甜,面包类,黑芝麻吐司,13
巴黎贝甜,面包类,柔和吐司,6
巴黎贝甜,面包类,蜂蜜吐司,9
巴黎贝甜,面包类,蒜末吐司,9
巴黎贝甜,面包类,杏仁圈圈包,8
巴黎贝甜,面包类,红豆包,6
巴黎贝甜,面包类,奶油卡斯达面包,6
巴黎贝甜,面包类,酥菠萝面包,6
巴黎贝甜,面包类,巧克力卡斯达面包,6
巴黎贝甜,面包类,红豆酥菠萝,7
巴黎贝甜,甜点,布丁（牛奶、巧克力、蓝莓、草莓）,13
巴黎贝甜,甜点,四喜泡芙,16
巴黎贝甜,蛋糕,草莓提拉米苏 （提前2天预订）,180
巴黎贝甜,蛋糕,奶油蛋糕2号 （提前1天预订）,130
巴黎贝甜,蛋糕,奶油蛋糕2号 （提前1天预订）,130
一茶一坐,套餐 （包括白米饭和肉燥）,沙茶牛肉煲套餐,55
一茶一坐,套餐 （包括白米饭和肉燥）,五更肠旺套餐,55
一茶一坐,套餐 （包括白米饭和肉燥）,猪手蹄筋套餐,53
一茶一坐,套餐 （包括白米饭和肉燥）,上汤有机菌菇套餐,37
一茶一坐,套餐 （包括白米饭和肉燥）,宝岛三杯鸡套餐,55
一茶一坐,套餐 （包括白米饭和肉燥）,上汤时蔬套餐,37
一茶一坐,开胃菜,川烫金针菇,18
一茶一坐,开胃菜,炭烧猪颈肉,22
一茶一坐,开胃菜,卤豆腐,14
一茶一坐,开胃菜,盐酥鸡,22
一茶一坐,开胃菜,香酥凤翼,26
一茶一坐,开胃菜,士林大香肠,22
一茶一坐,开胃菜,炭烧猪颈肉,42
一茶一坐,开胃菜,卤豆腐,14
一茶一坐,开胃菜,川烫金针菇,18
一茶一坐,主菜（无配餐）,热炒素什锦,28
一茶一坐,主菜（无配餐）,五更肠旺,46
一茶一坐,主菜（无配餐）,麻油鸡,44
一茶一坐,主菜（无配餐）,沙茶牛肉,46
一茶一坐,主菜（无配餐）,茄汁香鸡,39
一茶一坐,主菜（无配餐）,蘑菇酱小牛菲力,58
一茶一坐,主菜（无配餐）,香辣牛肉,46
一茶一坐,主菜（无配餐）,猪手蹄筋,44
一茶一坐,主菜（无配餐）,铁板蘑菇猪排,44
一茶一坐,主菜（无配餐）,蟹黄虾仁豆腐,50
一茶一坐,主菜（无配餐）,清甜菌菇,28
一茶一坐,主菜（无配餐）,台式羊肉石锅,52
一茶一坐,主菜（无配餐）,宝岛三杯鸡,59
一茶一坐,主菜（无配餐）,麻婆豆腐,26
一茶一坐,主菜（无配餐）,麻辣鸡鸭血豆腐,26
一茶一坐,主菜（无配餐）,糖醋里脊,46
一茶一坐,主菜（无配餐）,蒜香鲜菇,28
一茶一坐,主菜（无配餐）,黑胡椒铁板牛肉,52
一茶一坐,主菜（无配餐）,金汤肥牛,44
一茶一坐,主菜（无配餐）,金汤狮子头(单颗),23
一茶一坐,主菜（无配餐）,上汤有机菌菇,28
一茶一坐,主菜（无配餐）,上汤时蔬,28
一茶一坐,主菜（无配餐）,私房麻辣牛蛙,49
一茶一坐,主菜（无配餐）,凤梨虾球,68
一茶一坐,主菜（无配餐）,牛筋腩萝卜煲,58
一茶一坐,主菜（无配餐）,三杯双筋鲍菇,52
一茶一坐,主菜（无配餐）,台式客家红烧肉,58
一茶一坐,主菜（无配餐）,热炒素什锦,28
一茶一坐,主菜（无配餐）,蒜蓉时蔬（下午5点后供应）,22
一茶一坐,小煲套餐,"蘑菇酱小牛菲力煲：洋葱,金针菇,蘑菇酱,香菜花;米线汤",61
一茶一坐,小煲套餐,"麻婆豆腐：猪肉糜,辣酱",42
一茶一坐,小煲套餐,蟹黄虾仁豆腐煲,59
一茶一坐,小煲套餐,"香劲羊肉石锅：肉皮,豆腐皮,香菜,白菜,红椒,羊肉汤",61
一茶一坐,小煲套餐,糖醋里脊饭,45
一茶一坐,小煲套餐,"香辣牛肉煲：牛肉片,混合蘑菇,娃娃菜,红椒,香菜花,芝麻,牛肉汤,滕椒油,芝麻油",55
一茶一坐,小煲套餐,金汤狮子头 （单颗）,42
一茶一坐,小煲套餐,黑胡椒铁板牛肉,61
一茶一坐,点心,鲜肉烧卖,18
一茶一坐,点心,葱油饼,12
一茶一坐,点心,甜不辣,18
一茶一坐,点心,炸花枝丸,18
一茶一坐,点心,海鲜芝士卷,24
一茶一坐,甜点,芒果雪酪,16
一茶一坐,甜点,抹茶红豆雪酪,16
一茶一坐,甜点,红豆馔,16
一茶一坐,甜点,手工焦糖布丁,16
一茶一坐,甜点,奶香流沙包,12
一茶一坐,甜点,莲蓉西米露,16
一茶一坐,甜点,台式甜薯芋园冰,28
一茶一坐,甜点,冷月紫米,18
一茶一坐,甜点,香草黄金芋园,18
一茶一坐,饮料,冰桔茶,17
一茶一坐,饮料,热珍珠奶茶,13
一茶一坐,饮料,普梅冻饮,14
一茶一坐,饮料,柠檬蜂蜜冻饮,14
一茶一坐,饮料,胚芽奶茶,14
一茶一坐,饮料,仙草奶茶,14
一茶一坐,饮料,柳橙汁,28
一茶一坐,饮料,洛神冻饮,14
一茶一坐,饮料,热可可亚,13
一茶一坐,饮料,甘润杏仁茶(热),17
一茶一坐,配餐,米饭,3
一茶一坐,配餐,肉燥,5
一茶一坐,配餐,卤蛋,5
孔乙己餐厅 （复兴门店）,主食,萝卜干炒饭,32
孔乙己餐厅 （复兴门店）,主食,功德蔬菜包 （个）,3
孔乙己餐厅 （复兴门店）,主食,家乡菜泡饭,38
孔乙己餐厅 （复兴门店）,主食,黄桥烧饼 （个）,8
孔乙己餐厅 （复兴门店）,主食,江南菜炒饭,36
孔乙己餐厅 （复兴门店）,主食,绍兴炒面,38
孔乙己餐厅 （复兴门店）,主食,桂花条头糕 （半打）,18
孔乙己餐厅 （复兴门店）,主食,米饭,2
孔乙己餐厅 （复兴门店）,主食,特色生煎包（6个）,18
孔乙己餐厅 （复兴门店）,主食,蟹壳黄（六个起送）,8
孔乙己餐厅 （复兴门店）,汤羹,竹笋莼菜汤,46
孔乙己餐厅 （复兴门店）,汤羹,萝卜丝鲫鱼汤,56
孔乙己餐厅 （复兴门店）,汤羹,海马鲜鲍康寿鸡 （位）,88
孔乙己餐厅 （复兴门店）,汤羹,酸辣乌鱼蛋汤,68
孔乙己餐厅 （复兴门店）,汤羹,罐焖素佛 （位）,68
孔乙己餐厅 （复兴门店）,汤羹,荠菜肉丝豆腐羹,48
孔乙己餐厅 （复兴门店）,汤羹,松茸火腿老鸭煲,168
孔乙己餐厅 （复兴门店）,汤羹,咸肉冬瓜扁尖汤,28
孔乙己餐厅 （复兴门店）,凉菜,甬江烤仔鱼,48
孔乙己餐厅 （复兴门店）,凉菜,白切肚尖,58
孔乙己餐厅 （复兴门店）,凉菜,四季烤麸,24
孔乙己餐厅 （复兴门店）,凉菜,糯米红枣,22
孔乙己餐厅 （复兴门店）,凉菜,自制香肠,32
孔乙己餐厅 （复兴门店）,凉菜,江南醉仙,78
孔乙己餐厅 （复兴门店）,凉菜,香糟毛豆,20
孔乙己餐厅 （复兴门店）,凉菜,糖醋小排,56
孔乙己餐厅 （复兴门店）,凉菜,冰沙天目手剥笋,26
孔乙己餐厅 （复兴门店）,凉菜,清水牛肉,52
孔乙己餐厅 （复兴门店）,凉菜,酱仔鸭,52
孔乙己餐厅 （复兴门店）,凉菜,麻油脆笋,26
孔乙己餐厅 （复兴门店）,凉菜,绍兴素鸡,26
孔乙己餐厅 （复兴门店）,凉菜,茴香豆,10
孔乙己餐厅 （复兴门店）,凉菜,金丝薄荷糖藕,26
孔乙己餐厅 （复兴门店）,凉菜,蟹糊,62
孔乙己餐厅 （复兴门店）,凉菜,一品醉蟹 （只）,38
孔乙己餐厅 （复兴门店）,热菜,野山菌爆鳝片,128
孔乙己餐厅 （复兴门店）,热菜,安吉金腿笋,78
孔乙己餐厅 （复兴门店）,热菜,咸肉炒年糕,42
孔乙己餐厅 （复兴门店）,热菜,咸肉虾干蒸白菜,52
孔乙己餐厅 （复兴门店）,热菜,酒香草头,52
孔乙己餐厅 （复兴门店）,热菜,油焖笋,42
孔乙己餐厅 （复兴门店）,热菜,蟹粉烩拉皮,128
孔乙己餐厅 （复兴门店）,热菜,蟹粉烩鱼肚,128
孔乙己餐厅 （复兴门店）,热菜,蟹粉狮子头 （只）,26
孔乙己餐厅 （复兴门店）,热菜,红烧野生小黄鱼,58
孔乙己餐厅 （复兴门店）,热菜,油焖杭椒,43
孔乙己餐厅 （复兴门店）,热菜,丝瓜毛豆,38
孔乙己餐厅 （复兴门店）,热菜,蟹粉豆腐,68
孔乙己餐厅 （复兴门店）,热菜,笋干小白菜,42
孔乙己餐厅 （复兴门店）,热菜,笋干菜煮千张包,38
孔乙己餐厅 （复兴门店）,热菜,响油鳝糊,62
孔乙己餐厅 （复兴门店）,热菜,剁椒笋骨蒸带鱼,158
孔乙己餐厅 （复兴门店）,热菜,老油条炒牛肉,38
孔乙己餐厅 （复兴门店）,热菜,葱油白菜心,36
孔乙己餐厅 （复兴门店）,热菜,清炒鸡毛菜,36
孔乙己餐厅 （复兴门店）,热菜,鸡毛菜炒面筋,42
孔乙己餐厅 （复兴门店）,热菜,葱花香芋,36
孔乙己餐厅 （复兴门店）,热菜,韭菜炒螺肉,46
孔乙己餐厅 （复兴门店）,热菜,清炒手剥河虾仁,138
孔乙己餐厅 （复兴门店）,热菜,油炸臭豆腐,28
孔乙己餐厅 （复兴门店）,热菜,清蒸鲈鱼,88
孔乙己餐厅 （复兴门店）,热菜,杭白菜炒腐衣,36
孔乙己餐厅 （复兴门店）,热菜,三味焖长茄,56
孔乙己餐厅 （复兴门店）,热菜,海参煮干丝,88
孔乙己餐厅 （复兴门店）,热菜,江南时蔬面筋煲,42
孔乙己餐厅 （复兴门店）,热菜,糖醋藕夹,36
孔乙己餐厅 （复兴门店）,热菜,椒子肥牛,88
孔乙己餐厅 （复兴门店）,热菜,雪菜毛豆炒粉皮,38
孔乙己餐厅 （复兴门店）,热菜,毛蟹炒年糕,168
孔乙己餐厅 （复兴门店）,热菜,年糕八宝酱丁,48
孔乙己餐厅 （复兴门店）,热菜,葱烤千岛湖鲫鱼,158
孔乙己餐厅 （复兴门店）,热菜,咸蛋黄炒山药,38
孔乙己餐厅 （复兴门店）,热菜,绍兴干葱栗子鸡,48
孔乙己餐厅 （复兴门店）,热菜,清蒸白鱼,328
孔乙己餐厅 （复兴门店）,热菜,油爆河虾,128
孔乙己餐厅 （复兴门店）,热菜,嘉兴脆湖鸭,98
孔乙己餐厅 （复兴门店）,热菜,龙井虾仁,128
孔乙己餐厅 （复兴门店）,热菜,鲍腌大黄鱼,368
孔乙己餐厅 （复兴门店）,热菜,漕帮豆腐,78
孔乙己餐厅 （复兴门店）,热菜,剁椒螺肉蒸黄鳝,88
孔乙己餐厅 （复兴门店）,热菜,梅干菜焖肉,56
孔乙己餐厅 （复兴门店）,热菜,茄子黄鳝柳,68
孔乙己餐厅 （复兴门店）,热菜,绍兴小炒,42
孔乙己餐厅 （复兴门店）,热菜,虾爆鳝,88
孔乙己餐厅 （复兴门店）,热菜,蟹粉虾仁烩丝瓜,68
孔乙己餐厅 （复兴门店）,羹汤,大汤黄鱼,88
孔乙己餐厅 （复兴门店）,羹汤,蟹粉豆腐羹 （位）,18
孔乙己餐厅 （复兴门店）,羹汤,宋嫂鱼羹 （位）,12
孔乙己餐厅 （复兴门店）,羹汤,瑶柱荠菜豆腐羹（位）,56
俏江南 （腾达店）,精品菜,陈皮嫩牛柳,48
俏江南 （腾达店）,精品菜,冯玉祥鱼香肉丝,48
俏江南 （腾达店）,精品菜,宫保大明虾,89
俏江南 （腾达店）,精品菜,歌乐山辣子鸡,58
俏江南 （腾达店）,精品菜,宫保鸡丁,38
俏江南 （腾达店）,精品菜,脆皮炸乳鸽,38
俏江南 （腾达店）,精品菜,糊辣虾,98
俏江南 （腾达店）,精品菜,黄牛肉烧淮山,138
俏江南 （腾达店）,精品菜,回锅桂鱼,198
俏江南 （腾达店）,精品菜,鸡枞菌山药明虾球 （大份）,139
俏江南 （腾达店）,精品菜,干锅虾,98
俏江南 （腾达店）,精品菜,砂锅金玉参焖豆腐 （大份）,98
俏江南 （腾达店）,精品菜,江南东坡蹄,68
俏江南 （腾达店）,精品菜,江南过桥排骨,198
俏江南 （腾达店）,精品菜,江石滚肥牛,78
俏江南 （腾达店）,精品菜,菌汁烤银鳕鱼 （位）,88
俏江南 （腾达店）,精品菜,椒香鸡脆骨,68
俏江南 （腾达店）,精品菜,苦笋烧石蛙,98
俏江南 （腾达店）,精品菜,辣炒牛蛙,78
俏江南 （腾达店）,精品菜,麻辣黄辣丁,98
俏江南 （腾达店）,精品菜,麻辣鳝肠,78
俏江南 （腾达店）,精品菜,马介休咸鱼蒸肉饼,48
俏江南 （腾达店）,精品菜,蜜汁火方,88
俏江南 （腾达店）,精品菜,木桶耕耘牛肉,68
俏江南 （腾达店）,精品菜,浓汁木瓜芦荟煮鱼肚 （大份）,99
俏江南 （腾达店）,精品菜,泡豇豆干煸小排,78
俏江南 （腾达店）,精品菜,青豆粉蒸肉,48
俏江南 （腾达店）,精品菜,沙姜霸王鸡 （半只）,78
俏江南 （腾达店）,精品菜,砂窝红烧肉 （大份）,89
俏江南 （腾达店）,精品菜,山城毛血旺 （大份）,68
俏江南 （腾达店）,精品菜,山城毛血旺 （小份）,48
俏江南 （腾达店）,精品菜,石锅凤梨牛仔骨,98
俏江南 （腾达店）,精品菜,双椒石烤虾,88
俏江南 （腾达店）,精品菜,水煮牛肉,48
俏江南 （腾达店）,精品菜,顺德煎焗靓鱼嘴,88
俏江南 （腾达店）,精品菜,四川回锅肉,48
俏江南 （腾达店）,精品菜,四川小炒肉,48
俏江南 （腾达店）,精品菜,四川樟茶鸭  （半只）,68
俏江南 （腾达店）,精品菜,堂煎黑椒牛仔骨 （位）,68
俏江南 （腾达店）,精品菜,堂煎一级鹅肝 （位）,78
俏江南 （腾达店）,精品菜,铁板凤梨虾,88
俏江南 （腾达店）,精品菜,鲜青椒水煮巴沙鱼 （大份）,138
俏江南 （腾达店）,精品菜,香烧鱿鱼桶,68
俏江南 （腾达店）,精品菜,鱼香藕盒,38
俏江南 （腾达店）,精品菜,鱼香肉丝,38
俏江南 （腾达店）,精品菜,杂粮炖排骨  （大份）,68
俏江南 （腾达店）,精品菜,招牌脆皮鸡 （半只）,78
俏江南 （腾达店）,精品菜,招牌泡椒牛蛙,78
俏江南 （腾达店）,精品菜,竹网葱烧银鳕鱼,168
俏江南 （腾达店）,健康小炒,鲍汁干捞海皇粉丝煲,69
俏江南 （腾达店）,健康小炒,鲍汁什菌一品煲,58
俏江南 （腾达店）,健康小炒,虫草花蒸茄子,32
俏江南 （腾达店）,健康小炒,东江千叶豆腐,68
俏江南 （腾达店）,健康小炒,干煸双冬,38
俏江南 （腾达店）,健康小炒,干煸四季豆,38
俏江南 （腾达店）,健康小炒,干锅、私房农家娃娃菜,39
俏江南 （腾达店）,健康小炒,黑虎掌炒鲜芦笋,89
俏江南 （腾达店）,健康小炒,火爆牛肝菌,79
俏江南 （腾达店）,健康小炒,陈麻婆豆腐,28
俏江南 （腾达店）,健康小炒,泡菜土豆泥,18
俏江南 （腾达店）,健康小炒,清炒什锦蔬菜,38
俏江南 （腾达店）,健康小炒,泉水大芥菜煮山药,59
俏江南 （腾达店）,健康小炒,素毛血旺,48
俏江南 （腾达店）,健康小炒,铁板烧汁酿秋茄,68
俏江南 （腾达店）,健康小炒,西芹木耳炒百合,48
俏江南 （腾达店）,健康小炒,香芋南瓜百合煲,49
俏江南 （腾达店）,健康小炒,雪菜冬笋,38
俏江南 （腾达店）,健康小炒,竹胎烩芥菜,88
俏江南 （腾达店）,健康小炒,臊子酱烧茄子,32
俏江南 （腾达店）,健康小炒,榄菜肉末四季豆,59
俏江南 （腾达店）,健康小炒,石窝酱烧萝卜,38
俏江南 （腾达店）,健康小炒,素麻辣香锅,48
俏江南 （腾达店）,健康小炒,私家自制豆腐,48
俏江南 （腾达店）,健康小炒,南瓜香芋百合煲,59
俏江南 （腾达店）,健康小炒,干锅娃娃菜,38
俏江南 （腾达店）,健康小炒,泉水山药大芥菜,58
俏江南 （腾达店）,凉菜,棒棒猪手,49
俏江南 （腾达店）,凉菜,笔筒沙拉,19
俏江南 （腾达店）,凉菜,茶聊鸡,69
俏江南 （腾达店）,凉菜,夫妻肺片 （大份）,39
俏江南 （腾达店）,凉菜,串串香,49
俏江南 （腾达店）,凉菜,夫妻肺片 （小份）,29
俏江南 （腾达店）,凉菜,桂花糯米藕 （小份）,19
俏江南 （腾达店）,凉菜,桂花糯米藕 （大份）,29
俏江南 （腾达店）,凉菜,红椒鸡,39
俏江南 （腾达店）,凉菜,红酒汁冻鹅肝,109
俏江南 （腾达店）,凉菜,红汤鹅肠,49
俏江南 （腾达店）,凉菜,花椒油拌秋葵,49
俏江南 （腾达店）,凉菜,鸡丝凉粉,19
俏江南 （腾达店）,凉菜,江南鸭卷,39
俏江南 （腾达店）,凉菜,口味猪拱嘴 （大份）,49
俏江南 （腾达店）,凉菜,老陈醋蛰头,59
俏江南 （腾达店）,凉菜,骨酥鲫鱼 （大份）,39
俏江南 （腾达店）,凉菜,骨酥鲫鱼 （小份，一条）,19
俏江南 （腾达店）,凉菜,麻酱油麦菜,19
俏江南 （腾达店）,凉菜,手斯茄子,23
俏江南 （腾达店）,凉菜,四川腊味拼,88
俏江南 （腾达店）,凉菜,四季粗粮,38
俏江南 （腾达店）,凉菜,酸辣蕨根粉,18
俏江南 （腾达店）,凉菜,蒜泥白肉 （大份）,38
俏江南 （腾达店）,凉菜,笋干精选牛肉,68
俏江南 （腾达店）,凉菜,五香熏鱼条,36
俏江南 （腾达店）,凉菜,鲜果拌百合,28
俏江南 （腾达店）,凉菜,摇滚沙拉,38
俏江南 （腾达店）,凉菜,好运串串香,48
俏江南 （腾达店）,凉菜,蒜泥腰片,32
俏江南 （腾达店）,凉菜,香椿苗拌鸡蛋豆干,22
俏江南 （腾达店）,凉菜,手撕鸡（大）,38
俏江南 （腾达店）,凉菜,糖醋排骨,58
俏江南 （腾达店）,凉菜,樱桃萝卜拌桃仁,28
俏江南 （腾达店）,凉菜,老醋蛰头(大）,58
俏江南 （腾达店）,凉菜,水晶山药紫薯,28
俏江南 （腾达店）,凉菜,红酒冻鹅肝,108
俏江南 （腾达店）,凉菜,摇滚沙拉,39
俏江南 （腾达店）,凉菜,凉拌关东木耳,32
俏江南 （腾达店）,凉菜,搓椒开心螺,68
俏江南 （腾达店）,凉菜,蓉城口水鸡,38
俏江南 （腾达店）,凉菜,四川泡菜,8
俏江南 （腾达店）,凉菜,手撕茄子,22
俏江南 （腾达店）,凉菜,姜汁豇豆,18
俏江南 （腾达店）,凉菜,泡椒凤爪,38
俏江南 （腾达店）,时蔬类,广东芥兰 （清炒、蒜蓉）,38
俏江南 （腾达店）,时蔬类,广东菜心 （清炒、蒜蓉),38
俏江南 （腾达店）,时蔬类,芦笋 （清炒）,59
俏江南 （腾达店）,时蔬类,芦笋 （上汤）,48
俏江南 （腾达店）,时蔬类,蒜蓉粉丝蒸胜瓜,59
俏江南 （腾达店）,时蔬类,西兰花 （清炒、蒜蓉）,38
俏江南 （腾达店）,汤羹类,四川酸辣汤,58
俏江南 （腾达店）,主食小吃,葱煎包 （半打）,26
俏江南 （腾达店）,主食小吃,古式酵发米糕 （半打）,16
俏江南 （腾达店）,主食小吃,红糖糍粑 （半打）,16
俏江南 （腾达店）,主食小吃,红糖锅魁 （半打）,20
俏江南 （腾达店）,主食小吃,南瓜饼 （半打）,16
俏江南 （腾达店）,主食小吃,鸡汁锅贴 （半打）,26
俏江南 （腾达店）,主食小吃,擂沙汤圆 （半打）,20
俏江南 （腾达店）,主食小吃,牛肉焦饼 （半打）,22
俏江南 （腾达店）,主食小吃,芸豆卷 （半打）,22
俏江南 （腾达店）,主食小吃,芝麻酥饼 （半打）,26
俏江南 （腾达店）,主食小吃,紫薇饼 （半打）,16
俏江南 （腾达店）,主食小吃,大麻团,5
俏江南 （腾达店）,主食小吃,锅魁夹卤牛肉,10
俏江南 （腾达店）,主食小吃,鸡丝凉面 （位）,10
俏江南 （腾达店）,主食小吃,醪糟圆子  （位）,10
俏江南 （腾达店）,主食小吃,龙抄手 （位）,8
俏江南 （腾达店）,主食小吃,青菠面 （位）,10
俏江南 （腾达店）,主食小吃,酸辣粉 （位）,10
俏江南 （腾达店）,主食小吃,铜井巷猫耳面 （位）,12
俏江南 （腾达店）,主食小吃,小草饭 （女）,8
俏江南 （腾达店）,主食小吃,小草饭 （男）,8
俏江南 （腾达店）,主食小吃,雨花石汤圆 （位）,12
俏江南 （腾达店）,主食小吃,招牌担担面  （位）,10
俏江南 （腾达店）,主食小吃,钟水饺 （位）,8
俏江南 （腾达店）,主食小吃,黑胡椒海鲜焖乌冬面,88
俏江南 （腾达店）,主食小吃,石烹嫩豆花,59
俏江南 （腾达店）,主食小吃,干烧牛河,58
俏江南 （腾达店）,主食小吃,石窝禾牛炒饭,138
俏江南 （腾达店）,主食小吃,飘香荷叶饭,88
俏江南 （腾达店）,主食小吃,白米饭（位）,5
俏江南 （腾达店）,主食小吃,锅盔夹卤牛肉,10
俏江南 （腾达店）,主食小吃,甜甜蜜蜂巢糕（半打）,23
俏江南 （腾达店）,主食小吃,文房四宝（位）,22
俏江南 （腾达店）,主食小吃,红糖糍耙（半打）,16
俏江南 （腾达店）,主食小吃,古法酵发米糕（半打）,16
俏江南 （腾达店）,主食小吃,黑芝麻汤圆（位）,12
俏江南 （腾达店）,主食小吃,红糖锅盔（半打）,20
甲丁坊西餐吧,头盘,西班牙 5j 小何塞特级珍藏无骨火腿,459
甲丁坊西餐吧,头盘,意大利风干萨拉米拼盘,199
甲丁坊西餐吧,头盘,西班牙  小何塞特级珍藏火腿,359
甲丁坊西餐吧,头盘,奶酪拼盘,199
甲丁坊西餐吧,头盘,烟熏挪威三文鱼配牛油果,129
甲丁坊西餐吧,头盘,意大利生鲜小牛肉配黑松露,99
甲丁坊西餐吧,头盘,法式焗蜗牛,129
甲丁坊西餐吧,头盘,法式煎鹅肝配配芒果酱,159
甲丁坊西餐吧,头盘,梦幻海洋（海洋拼盘）,999
甲丁坊西餐吧,汤,山核桃南瓜奶油汤,49
甲丁坊西餐吧,汤,法国生蚝鱼子汤,69
甲丁坊西餐吧,汤,意大利威尼斯蔬菜汤,39
甲丁坊西餐吧,汤,西班牙番茄冷汤配牛油果,49
甲丁坊西餐吧,汤,普罗旺斯龙虾海鲜汤,89
甲丁坊西餐吧,汤,黑松露卡布奇诺奶油蘑菇汤,59
甲丁坊西餐吧,沙拉,法国煎鹅肝草莓沙拉,99
甲丁坊西餐吧,沙拉,芒果大虾仁沙拉,79
甲丁坊西餐吧,沙拉,烟熏鸡胸肉苹果沙拉,59
甲丁坊西餐吧,沙拉,意大利火腿帕玛森奶酪沙拉,89
甲丁坊西餐吧,沙拉,鲜蔬菜时令水果沙拉,49
甲丁坊西餐吧,沙拉,烤金枪鱼牛油果沙拉,79
甲丁坊西餐吧,沙拉,烤甜菜山羊奶酪沙拉,69
甲丁坊西餐吧,海鲜,烤深海鳕鱼配新西兰野米，松露奶油汁,169
甲丁坊西餐吧,海鲜,脆炸深海红鲷鱼配西番莲酱汁和芒果莎莎,129
甲丁坊西餐吧,海鲜,低温挪威三文鱼配金汤力啫哩和柠檬蛋黄酱,129
甲丁坊西餐吧,海鲜,泰式椰奶咖喱螃蟹,299
甲丁坊西餐吧,海鲜,焗波士顿龙虾配鱼子荷兰酱汁,499
甲丁坊西餐吧,厨师推荐,自制火山岩烤澳洲雪花牛排配炸薯角黄油炒有机蔬菜,699
甲丁坊西餐吧,厨师推荐,西班牙龙虾海鲜饭（2人份）,399
甲丁坊西餐吧,厨师推荐,扒波士顿龙虾配澳洲雪花牛排,899
甲丁坊西餐吧,厨师推荐,澳洲戟斧牛排配波尔多红酒汁，有机沙拉、烤土豆（2人份）,1299
甲丁坊西餐吧,厨师推荐,法国勃艮第红酒炖小牛肉,299
甲丁坊西餐吧,厨师推荐,德国酸菜肘子配土豆泥,359
甲丁坊西餐吧,厨师推荐,香草烤新西兰羊腿配松露土豆（2人份),699
甲丁坊西餐吧,厨师推荐,巴伐利亚香肠配酸菜土豆泥,259
甲丁坊西餐吧,厨师推荐,米兰式烩小牛膝,259
甲丁坊西餐吧,厨师推荐,满烤美国特级牛肋排,499
甲丁坊西餐吧,意大利面,波士顿龙虾意大利面,259
甲丁坊西餐吧,意大利面,蛋黄面配烤三文鱼排,79
甲丁坊西餐吧,意大利面,芒果沙莎黄油煎大虾配意大利面,129
甲丁坊西餐吧,意大利面,经典意大利牛肉酱面,69
甲丁坊西餐吧,意大利面,鸡油菌烟肉通心粉,69
甲丁坊西餐吧,意大利面,罗勒海鲜意大利面,89
甲丁坊西餐吧,意大利面,肉酱千层面,79
甲丁坊西餐吧,比萨,甲丁坊北京烤鸭披萨 （16寸）,229
甲丁坊西餐吧,比萨,甲丁坊北京烤鸭披萨 （32寸）,399
甲丁坊西餐吧,比萨,甲丁坊至尊披萨 （16寸）,229
甲丁坊西餐吧,比萨,甲丁坊至尊披萨 （32寸）,399
甲丁坊西餐吧,比萨,意大利香肠奶酪披萨 （16寸）,189
甲丁坊西餐吧,比萨,意大利香肠奶酪披萨 （32寸）,299
甲丁坊西餐吧,比萨,金枪鱼芝麻菜披萨  （16寸）,159
甲丁坊西餐吧,比萨,金枪鱼芝麻菜披萨 （32寸）,299
甲丁坊西餐吧,比萨,墨西哥风情披萨 （16寸）,159
甲丁坊西餐吧,比萨,墨西哥风情披萨 （32寸）,299
甲丁坊西餐吧,比萨,九元素奶酪披萨 （16寸）,229
甲丁坊西餐吧,比萨,九元素奶酪披萨 （32寸）,399
甲丁坊西餐吧,比萨,热带夏威夷风光披萨 （16寸）,129
甲丁坊西餐吧,比萨,热带夏威夷风光披萨 （32寸）,299
甲丁坊西餐吧,比萨,帕尔马火腿奶酪披萨 （16寸）,189
甲丁坊西餐吧,比萨,帕尔马火腿奶酪披萨 （32寸）,299
甲丁坊西餐吧,比萨,烟肉蘑菇披萨 （16寸）,129
甲丁坊西餐吧,比萨,烟肉蘑菇披萨 （32寸）,299
甲丁坊西餐吧,比萨,玛格丽特披萨 （16寸）,109
甲丁坊西餐吧,比萨,玛格丽特披萨 （32寸）,199
甲丁坊西餐吧,比萨,美食烧烤火鸡披萨（16寸）,159
甲丁坊西餐吧,比萨,美食烧烤火鸡披萨（32寸）,259
甲丁坊西餐吧,墨西哥薄饼 & 汉堡 & 百吉堡,澳洲顶级谷饲牛肉松茸汉堡 （单层）（配田园蔬菜沙拉及薯条）,199
甲丁坊西餐吧,墨西哥薄饼 & 汉堡 & 百吉堡,牛肉奶酪汉堡 （单层）（配田园蔬菜沙拉及薯条）,89
甲丁坊西餐吧,墨西哥薄饼 & 汉堡 & 百吉堡,澳洲顶级谷饲牛肉松茸汉堡 （双层）（配田园蔬菜沙拉及薯条）,259
甲丁坊西餐吧,墨西哥薄饼 & 汉堡 & 百吉堡,牛肉奶酪汉堡 （双层）（配田园蔬菜沙拉及薯条）,129
甲丁坊西餐吧,墨西哥薄饼 & 汉堡 & 百吉堡,烤火鸡肉芝麻菜奶酪百吉堡 （单层）（配田园蔬菜沙拉及薯条）,99
甲丁坊西餐吧,墨西哥薄饼 & 汉堡 & 百吉堡,烤火鸡肉芝麻菜奶酪百吉堡 （双层）（配田园蔬菜沙拉及薯条）,159
甲丁坊西餐吧,墨西哥薄饼 & 汉堡 & 百吉堡,烤黑胡椒鸭胸奶酪百吉堡 （单层）（配田园蔬菜沙拉及薯条）,99
甲丁坊西餐吧,墨西哥薄饼 & 汉堡 & 百吉堡,烤黑胡椒鸭胸奶酪百吉堡 （双层）（配田园蔬菜沙拉及薯条）,159
甲丁坊西餐吧,墨西哥薄饼 & 汉堡 & 百吉堡,烤火鸡肉法基塔,89
甲丁坊西餐吧,墨西哥薄饼 & 汉堡 & 百吉堡,烤火鸡肉奶酪萨迪亚,79
甲丁坊西餐吧,墨西哥薄饼 & 汉堡 & 百吉堡,墨西哥牛肉法基塔,159
甲丁坊西餐吧,墨西哥薄饼 & 汉堡 & 百吉堡,南瓜酱鸭肉克萨迪亚,79
甲丁坊西餐吧,亚洲精选,甲丁坊北京烤鸭套餐,189
甲丁坊西餐吧,亚洲精选,泰国椰奶咖喱鸡肉,69
甲丁坊西餐吧,亚洲精选,新加坡咖喱鱼头泡饼,229
甲丁坊西餐吧,亚洲精选,咖喱牛肉,89
甲丁坊西餐吧,亚洲精选,腰果大虾炒面,89
甲丁坊西餐吧,甜品,巧克力熔岩蛋糕配香草冰淇淋,69
甲丁坊西餐吧,甜品,杨枝甘露拼法国马卡龙配咖啡啫喱,159
甲丁坊西餐吧,甜品,意大利咖啡提拉米苏配芒果雪芭,79
甲丁坊西餐吧,甜品,甘蔓怡酒香橙奶酪布丁,59
甲丁坊西餐吧,甜品,香蕉华夫饼配草莓冰激凌,79
甲丁坊西餐吧,甜品,奶酪蛋糕配热带水果,69
甲丁坊西餐吧,甜品,福娃历险《5种冰激凌果盘》,159
甲丁坊西餐吧,甜品,甜品拼盘,199
甲丁坊西餐吧,时令果盘,国宝朝圣（进口双层12种水果）,599
甲丁坊西餐吧,时令果盘,时令果盘（国产6种水果）,299
甲丁坊西餐吧,时令果盘,国宝朝圣（双层6种水果）,299
南锣楹堤西餐吧 （鼓楼）,意大利披萨,玛格丽达披萨 （番茄汁、马苏里拉乳酪、披萨草叶） （12寸）,88
南锣楹堤西餐吧 （鼓楼）,意大利披萨,四芝士披萨 （番茄汁，马苏里拉乳酪，红波乳酪，蓝波乳酪，黄波乳酪） （12寸）,98
南锣楹堤西餐吧 （鼓楼）,意大利披萨,培根披萨 （番茄汁，马苏里拉乳酪，培根，彩椒，蘑菇） （12寸）,98
南锣楹堤西餐吧 （鼓楼）,意大利披萨,意大利腊肠披萨 （番茄汁，马苏里拉乳酪，意大利腊肠，彩椒，蘑菇） （12寸）,98
南锣楹堤西餐吧 （鼓楼）,意大利披萨,沙拉米披萨 （番茄汁，马苏里拉乳酪，沙拉米肠，洋葱） （12寸）,98
南锣楹堤西餐吧 （鼓楼）,意大利披萨,火腿披萨 （番茄汁，马苏里拉乳酪，火腿肉，蘑菇） （12寸）,98
南锣楹堤西餐吧 （鼓楼）,意大利披萨,夏威夷披萨 （番茄汁，马苏里拉乳酪，火腿肉，菠萝） （12寸）,98
南锣楹堤西餐吧 （鼓楼）,意大利披萨,吞拿鱼披萨 （番茄汁，马苏里拉乳酪，吞拿鱼，洋葱） （12寸）,98
南锣楹堤西餐吧 （鼓楼）,意大利披萨,海鲜披萨 （番茄汁，马苏里拉乳酪，吞拿鱼，虾，鱿鱼，扇贝，洋葱） （12寸）,128
南锣楹堤西餐吧 （鼓楼）,意大利披萨,肉松披萨 （番茄汁，马苏里拉乳酪，猪肉松或牛肉松） （12寸）,98
南锣楹堤西餐吧 （鼓楼）,意大利披萨,蔬菜披萨 （番茄汁，马苏里拉乳酪，紫甘蓝，土豆，胡萝卜，西兰花，玉米粒，荷兰豆） （12寸）,98
南锣楹堤西餐吧 （鼓楼）,意大利披萨,楹堤特色牛肉披萨 （番茄酱，马苏里拉乳酪，牛肉粒，洋葱，黑胡椒） （12寸）,98
南锣楹堤西餐吧 （鼓楼）,意大利披萨,什锦披萨 （番茄汁，马苏里拉乳酪，鹌鹑蛋，鸡蛋，蘑菇，玉米粒，荷兰豆，西兰花） （12寸）,98
南锣楹堤西餐吧 （鼓楼）,意大利披萨,楹堤特色猪肉粒披萨 （番茄酱，马苏里拉乳酪，猪肉粒，蘑菇，甜椒） （12寸）,98
南锣楹堤西餐吧 （鼓楼）,意大利披萨,楹堤特色鸡肉披萨 （番茄酱，马苏里拉乳酪，熏鸡胸，蘑菇，甜椒） （12寸）,98
南锣楹堤西餐吧 （鼓楼）,意大利披萨,水果披萨 （番茄汁，马苏里拉乳酪，菠萝，香蕉，苹果，哈密瓜等时令水果） （12寸）,98
南锣楹堤西餐吧 （鼓楼）,意大利披萨,松仁披萨 （番茄汁，马苏里拉乳酪，松仁，榛子，杏仁） （12寸）,98
南锣楹堤西餐吧 （鼓楼）,牛排,炒时蔬 （西兰花，荷兰豆，花菜）,35
南锣楹堤西餐吧 （鼓楼）,牛排,超值牛排 （150g）,49
南锣楹堤西餐吧 （鼓楼）,牛排,蜜汁鸡排 （220g）,46
南锣楹堤西餐吧 （鼓楼）,牛排,菲力方丁 （220g）,58
南锣楹堤西餐吧 （鼓楼）,牛排,深海鱼排 （220g）,78
南锣楹堤西餐吧 （鼓楼）,牛排,纽西兰羊腿排 （180g）,69
南锣楹堤西餐吧 （鼓楼）,牛排,乳牛腿排 （220g）,66
南锣楹堤西餐吧 （鼓楼）,牛排,育肥沙朗牛排 （180g）,76
南锣楹堤西餐吧 （鼓楼）,牛排,育肥菲力牛排 （180g）,78
南锣楹堤西餐吧 （鼓楼）,牛排,安格斯B级丁骨 （250g）,88
南锣楹堤西餐吧 （鼓楼）,牛排,澳洲西冷 （180g）,86
南锣楹堤西餐吧 （鼓楼）,牛排,安格斯S级西冷牛排 （200g）,98
南锣楹堤西餐吧 （鼓楼）,牛排,澳洲肩胛牛排 （180g）,98
南锣楹堤西餐吧 （鼓楼）,牛排,澳洲特级牛小排 （180g）,88
南锣楹堤西餐吧 （鼓楼）,牛排,澳洲顶级雪花西冷 （180g）,108
南锣楹堤西餐吧 （鼓楼）,牛排,美式安格斯菲力牛排 （180g）,218
南锣楹堤西餐吧 （鼓楼）,牛排,美式安格斯沙朗牛排 （280g）,238
南锣楹堤西餐吧 （鼓楼）,牛排,美式安格斯西冷牛排 （250g）,228
南锣楹堤西餐吧 （鼓楼）,牛排,美式安格斯丁骨 （400g）,268
南锣楹堤西餐吧 （鼓楼）,西式简餐,芝士薄饼 （薄饼，芝士，香葱）,32
南锣楹堤西餐吧 （鼓楼）,西式简餐,芝士蛋饼餐 （芝士，鸡蛋）,32
南锣楹堤西餐吧 （鼓楼）,西式简餐,素食蛋饼餐 （鸡蛋，炒时蔬）,32
南锣楹堤西餐吧 （鼓楼）,西式简餐,丹佛蛋饼餐 （鸡蛋，甜椒，洋葱，火腿）,35
南锣楹堤西餐吧 （鼓楼）,西式简餐,火腿（培根）芝士蛋饼餐 （鸡蛋，芝士，火腿（培根），土司）,45
南锣楹堤西餐吧 （鼓楼）,西式简餐,烧烤鸡肉三明治 （鸡胸肉，培根，烧烤酱，生菜，西红柿配薯条）,45
南锣楹堤西餐吧 （鼓楼）,西式简餐,牛肉三明治 （牛柳，黑胡椒，蛋黄酱，生菜，西红柿配薯条）,45
南锣楹堤西餐吧 （鼓楼）,西式简餐,吞拿鱼美特三明治 （吞拿鱼，生菜，蛋黄酱，西红柿配薯条）,45
南锣楹堤西餐吧 （鼓楼）,西式简餐,鲁宾三明治 （土司，五香牛肉，芝士，酸椰菜，薯条）,48
南锣楹堤西餐吧 （鼓楼）,西式简餐,火腿芝士三明治 （火腿，芝士，芥末，薯条）,45
南锣楹堤西餐吧 （鼓楼）,西式简餐,烤薯皮 （牛肉/鸡肉/蔬菜） （土豆，芝士片，牛肉/鸡肉/蔬菜馅，酸奶油）,58
南锣楹堤西餐吧 （鼓楼）,西式简餐,墨西哥馅饼 （薄饼，鸡肉炒馅，酸奶油）,46
南锣楹堤西餐吧 （鼓楼）,西式简餐,番茄肉酱意面 （意大利面条，番茄肉酱，芝士，法香面包）,35
南锣楹堤西餐吧 （鼓楼）,西式简餐,意大利熏面 （意大利面条，培根，蛋黄，牛奶，法香面包）,35
南锣楹堤西餐吧 （鼓楼）,西式简餐,意大利蘑菇意面 （意大利面条，蘑菇酱，法香面包）,35
南锣楹堤西餐吧 （鼓楼）,西式简餐,牛肉意大利通心粉 （意大利通心粉，青椒，甜椒，洋葱，牛肉，土司）,45
南锣楹堤西餐吧 （鼓楼）,西式简餐,法式香菇滑鸡饭 （鸡腿肉，香菇，剑笋，配米饭）,35
南锣楹堤西餐吧 （鼓楼）,西式简餐,葡国辣味鸡饭 （鸡腿肉，胡萝卜，土豆，配米饭）,35
南锣楹堤西餐吧 （鼓楼）,西式简餐,意式红烧汁烩鸡腿饭 （鸡腿肉，胡萝卜，土豆，配米饭）,35
南锣楹堤西餐吧 （鼓楼）,西式简餐,葡式卤肉饭 （五花肉，瘦肉，配米饭）,35
南锣楹堤西餐吧 （鼓楼）,西式简餐,新德里咖喱牛肉饭 （牛柳，咖喱，胡萝卜，配米饭）,35
南锣楹堤西餐吧 （鼓楼）,西式简餐,美式黑椒炒牛柳饭 （牛柳，洋葱丝，青豆，配米饭）,35
南锣楹堤西餐吧 （鼓楼）,西式简餐,卢森堡黑椒炖牛腩饭 （牛腩，洋葱丝，青豆，配米饭）,42
南锣楹堤西餐吧 （鼓楼）,西式简餐,意式红烧汁烩牛腩饭 （牛腩，胡萝卜，白萝卜，青豆，配米饭）,42
南锣楹堤西餐吧 （鼓楼）,西式简餐,匈牙利牛腩饭 （牛腩，胡萝卜，土豆，蘑菇，配米饭）,42
南锣楹堤西餐吧 （鼓楼）,西式简餐,蔬菜炒饭 （洋葱，胡萝卜，青椒，甜椒，米饭）,35
南锣楹堤西餐吧 （鼓楼）,西式简餐,夏威夷炒饭 （洋葱，火腿，菠萝，番茄膏，米饭）,40
南锣楹堤西餐吧 （鼓楼）,西式简餐,米兰啤酒虾 （虾，啤酒，基围酱）,88
南锣楹堤西餐吧 （鼓楼）,沙拉,土豆沙拉 （土豆，黄瓜，鸡蛋，胡萝卜）,38
南锣楹堤西餐吧 （鼓楼）,沙拉,主厨沙拉 （鸡肉或火腿，生菜，西红柿，鸡蛋）,45
南锣楹堤西餐吧 （鼓楼）,沙拉,什锦蔬菜沙拉 （生菜，紫甘蓝，黄瓜，西红柿，芝士）,38
南锣楹堤西餐吧 （鼓楼）,沙拉,凯撒沙拉 （鸡肉，生菜，西红柿）,45
南锣楹堤西餐吧 （鼓楼）,沙拉,水果沙拉 （时令水果）,38
南锣楹堤西餐吧 （鼓楼）,沙拉,吞拿鱼沙拉 （吞拿鱼，生菜，黄瓜，西红柿）,40
南锣楹堤西餐吧 （鼓楼）,约翰丹尼美式甜点,提拉米苏蛋糕,25
南锣楹堤西餐吧 （鼓楼）,约翰丹尼美式甜点,美国乳酪蛋糕,25
南锣楹堤西餐吧 （鼓楼）,约翰丹尼美式甜点,黑森林乳酪蛋糕,25
南锣楹堤西餐吧 （鼓楼）,约翰丹尼美式甜点,蔓越莓乳酪蛋糕,25
南锣楹堤西餐吧 （鼓楼）,约翰丹尼美式甜点,巧克力布朗尼蛋糕,25
南锣楹堤西餐吧 （鼓楼）,约翰丹尼美式甜点,芒果慕斯蛋糕,25
南锣楹堤西餐吧 （鼓楼）,约翰丹尼美式甜点,特制提拉米苏,28
南锣楹堤西餐吧 （鼓楼）,约翰丹尼美式甜点,抹茶黄桃蛋糕,25
南锣楹堤西餐吧 （鼓楼）,约翰丹尼美式甜点,卡布基诺慕斯蛋糕,25
南锣楹堤西餐吧 （鼓楼）,约翰丹尼美式甜点,杏仁慕斯蛋糕,25
南锣楹堤西餐吧 （鼓楼）,约翰丹尼美式甜点,巧克力慕斯蛋糕,25
南锣楹堤西餐吧 （鼓楼）,约翰丹尼美式甜点,蓝莓乳酪蛋糕,25
南锣楹堤西餐吧 （鼓楼）,汤类,俄罗斯罗宋牛肉蔬菜汤 （牛肉，胡萝卜，洋葱，包心菜，番茄，酸黄瓜）,18
南锣楹堤西餐吧 （鼓楼）,汤类,奶油蘑菇汤 （奶油，鲜蘑菇片，洋葱碎，香芹，高汤）,18
南锣楹堤西餐吧 （鼓楼）,汤类,西班牙牛尾汤 （牛尾，红萝卜，西红柿丁，洋葱碎，高汤，奶油）,18
南锣楹堤西餐吧 （鼓楼）,汤类,圣彼得堡南瓜鸡丁汤 （南瓜丁，鸡丁，洋葱，高汤）,18
南锣楹堤西餐吧 （鼓楼）,汤类,鸡肉玉米浓汤 （鸡胸肉，烟肉，洋葱丁，玉米）,18
南锣楹堤西餐吧 （鼓楼）,汤类,竹笋鸡汤 （鸡胸肉，洋葱，培根，土豆，玉米，芹菜）,18
南锣楹堤西餐吧 （鼓楼）,小吃,土豆泥,20
南锣楹堤西餐吧 （鼓楼）,小吃,爆米花 （奶油/咸/甜）,25
南锣楹堤西餐吧 （鼓楼）,小吃,炸薯条,20
南锣楹堤西餐吧 （鼓楼）,小吃,芝士薯条,25
南锣楹堤西餐吧 （鼓楼）,小吃,洋葱圈,25
南锣楹堤西餐吧 （鼓楼）,小吃,香炸蘑菇,25
南锣楹堤西餐吧 （鼓楼）,小吃,炸鸡柳,35
南锣楹堤西餐吧 （鼓楼）,小吃,炸翅中 （大）,48
南锣楹堤西餐吧 （鼓楼）,小吃,炸翅中 （小）,25
南锣楹堤西餐吧 （鼓楼）,小吃,鱿鱼圈,35
南锣楹堤西餐吧 （鼓楼）,小吃,香酥芝士条,35
南锣楹堤西餐吧 （鼓楼）,小吃,鸡米花,38
南锣楹堤西餐吧 （鼓楼）,小吃,芒果慕斯,35
南锣楹堤西餐吧 （鼓楼）,小吃,玉米派,35
岳麓山屋（后海店）,湘府招牌推荐,酱椒蒸鱼头（只）,98
岳麓山屋（后海店）,湘府招牌推荐,手撕小鳖（只）,38
岳麓山屋（后海店）,湘府招牌推荐,姜辣蛇（3斤以上368元/斤）,268
岳麓山屋（后海店）,湘府招牌推荐,瑶家山寨口味蛇（3斤以上368元/斤）,268
岳麓山屋（后海店）,湘府招牌推荐,洞庭旱藕粉,48
岳麓山屋（后海店）,湘府招牌推荐,沱江白椒虾,88
岳麓山屋（后海店）,湘府招牌推荐,秘制牛蛙,98
岳麓山屋（后海店）,湘味头碟,香拌牛肉,28
岳麓山屋（后海店）,湘味头碟,湘式酸辣凤爪,38
岳麓山屋（后海店）,湘味头碟,湘都酱板鸭（48元/半只）,78
岳麓山屋（后海店）,湘味头碟,跳水萝卜皮,18
岳麓山屋（后海店）,湘味头碟,桂花蓝莓山药,32
岳麓山屋（后海店）,湘味头碟,烧辣椒皮蛋,22
岳麓山屋（后海店）,湘味头碟,岳阳福辣小河虾,38
岳麓山屋（后海店）,湘味头碟,开胃木耳,18
岳麓山屋（后海店）,湘味头碟,黄瓜蘸酱,22
岳麓山屋（后海店）,湘味头碟,乡里老坛子,18
岳麓山屋（后海店）,湘味头碟,平江火培鱼,28
岳麓山屋（后海店）,湘味头碟,甜心翡翠,18
岳麓山屋（后海店）,湘味头碟,桃花源香肠双拼,48
岳麓山屋（后海店）,湘味头碟,什锦拼盘（四拼）,58
岳麓山屋（后海店）,湘味头碟,生拌什锦蔬菜,38
岳麓山屋（后海店）,湘味头碟,鲜拌核桃仁,32
岳麓山屋（后海店）,湘味头碟,凉拌蕨根粉,26
岳麓山屋（后海店）,湘味头碟,爽口娃娃菜,18
岳麓山屋（后海店）,岳麓新主意,黑椒鲍鱼仔（只）,22
岳麓山屋（后海店）,岳麓新主意,湖湘臭桂鱼,128
岳麓山屋（后海店）,岳麓新主意,金牌手撕鸭（只）,88
岳麓山屋（后海店）,岳麓新主意,刺身北极贝拼素鲍,98
岳麓山屋（后海店）,岳麓新主意,红豆西芹炒百合,58
岳麓山屋（后海店）,岳麓新主意,脆花生炒坛子肉,42
岳麓山屋（后海店）,岳麓新主意,香芹手撕兔,78
岳麓山屋（后海店）,浏阳小钵仔,酱椒蒸淮山,10
岳麓山屋（后海店）,浏阳小钵仔,小钵仔水蒸蛋,8
岳麓山屋（后海店）,浏阳小钵仔,豆豉蒸腊排,16
岳麓山屋（后海店）,浏阳小钵仔,茶油蒸腊鸭,18
岳麓山屋（后海店）,浏阳小钵仔,辣酱蒸香干,8
岳麓山屋（后海店）,浏阳小钵仔,青椒蒸小鱼,18
岳麓山屋（后海店）,浏阳小钵仔,剁椒毛芋头,10
岳麓山屋（后海店）,浏阳小钵仔,小钵仔扣肉,18
岳麓山屋（后海店）,潇湘风味,毛家红烧肉,58
岳麓山屋（后海店）,潇湘风味,油焖烟笋,48
岳麓山屋（后海店）,潇湘风味,芙蓉镇米豆腐,28
岳麓山屋（后海店）,潇湘风味,豆嘴炒水晶粉,26
岳麓山屋（后海店）,潇湘风味,吴氏土炒鸭,68
岳麓山屋（后海店）,潇湘风味,腌辣椒炒藕丁,28
岳麓山屋（后海店）,潇湘风味,老豆腐烧嫩白菜,32
岳麓山屋（后海店）,潇湘风味,小炒带皮肘子,48
岳麓山屋（后海店）,潇湘风味,浏阳粉皮炖黑山羊,88
岳麓山屋（后海店）,潇湘风味,蟹黄豆花,48
岳麓山屋（后海店）,潇湘风味,口味菜花,32
岳麓山屋（后海店）,潇湘风味,衡东纸锅米豆腐,28
岳麓山屋（后海店）,潇湘风味,小炒黄牛肉,48
岳麓山屋（后海店）,潇湘风味,农家炒肉,38
岳麓山屋（后海店）,潇湘风味,拆骨肉炒荷包蛋,38
岳麓山屋（后海店）,潇湘风味,土匪猪肝,38
岳麓山屋（后海店）,潇湘风味,风吹萝卜炒土家腊肉,48
岳麓山屋（后海店）,潇湘风味,小炒香干,32
岳麓山屋（后海店）,干锅,湘西土匪杀猪菜,78
岳麓山屋（后海店）,干锅,干锅麓山牛蛙,78
岳麓山屋（后海店）,干锅,干锅肥肠,68
岳麓山屋（后海店）,干锅,平锅粉丝,38
岳麓山屋（后海店）,干锅,干锅杏鲍菇,58
岳麓山屋（后海店）,干锅,干锅千叶豆腐,48
岳麓山屋（后海店）,干锅,干锅土豆片,38
岳麓山屋（后海店）,干锅,干锅大片香干,38
岳麓山屋（后海店）,干锅,小笋子烧拆骨肉,58
岳麓山屋（后海店）,干锅,吊锅牛肉,68
岳麓山屋（后海店）,干锅,鸡汁萝卜片,28
岳麓山屋（后海店）,干锅,红枣百合蒸南瓜,38
岳麓山屋（后海店）,干锅,香芋蒸排骨,58
岳麓山屋（后海店）,汤、粥,灵芝煨老鸭汤,68
岳麓山屋（后海店）,汤、粥,湖藕煨排骨,48
岳麓山屋（后海店）,汤、粥,野菌汤,58
岳麓山屋（后海店）,汤、粥,香菇煨土鸡,58
岳麓山屋（后海店）,汤、粥,滋补乳鸽汤,118
岳麓山屋（后海店）,汤、粥,紫薯粥,38
岳麓山屋（后海店）,田园时蔬,黑木耳炒淮山,28
岳麓山屋（后海店）,田园时蔬,砂煲四季豆,36
岳麓山屋（后海店）,田园时蔬,湘味翠花酸菜,26
岳麓山屋（后海店）,田园时蔬,砂煲娃娃菜,38
岳麓山屋（后海店）,田园时蔬,砂煲萝卜丝,32
岳麓山屋（后海店）,田园时蔬,紫苏酸菜炒苦瓜,32
岳麓山屋（后海店）,田园时蔬,南岳芦笋,42
岳麓山屋（后海店）,田园时蔬,江家米汤青菜钵,26
岳麓山屋（后海店）,田园时蔬,干煸手撕包菜,28
岳麓山屋（后海店）,田园时蔬,高汤娃娃菜,32
岳麓山屋（后海店）,主食小吃,香芋小丸子（半打）,24
岳麓山屋（后海店）,主食小吃,汨罗江粽子（个）,5
岳麓山屋（后海店）,主食小吃,钵子饭,5
岳麓山屋（后海店）,主食小吃,米饭,3
岳麓山屋（后海店）,主食小吃,酱油炒饭,26
岳麓山屋（后海店）,主食小吃,长沙腊肉炒饭,26
岳麓山屋（后海店）,主食小吃,核桃酥（半打）,36
岳麓山屋（后海店）,主食小吃,葱油饼,32
岳麓山屋（后海店）,主食小吃,潭州酸辣宽粉,16
岳麓山屋（后海店）,主食小吃,津市牛肉宽粉,16
岳麓山屋（后海店）,主食小吃,三轮炒粉,26
岳麓山屋（后海店）,主食小吃,桔露汤圆（一位）,12
岳麓山屋（后海店）,主食小吃,臭豆腐（半打）,18
岳麓山屋（后海店）,主食小吃,野菜粑粑（半打）,18
云南云海肴（后海）,主食,韭菜花鲜肉炒饭,28
云南云海肴（后海）,主食,傣味菠萝饭,39
云南云海肴（后海）,主食,小锅米线,25
云南云海肴（后海）,主食,番茄捞汁米线,26
云南云海肴（后海）,主食,云南过桥米线,42
云南云海肴（后海）,主食,傣味竹筒饭,22
云南云海肴（后海）,主食,老昆明卤饵丝,22
云南云海肴（后海）,主食,土鸡米线,28
云南云海肴（后海）,主食,腾冲大救驾,38
云南云海肴（后海）,主食,大酥牛肉米线,30
云南云海肴（后海）,主食,苦菜炒饭,28
云南云海肴（后海）,主食,黑三剁炒饭,29
云南云海肴（后海）,主食,烧饵块裹油条,12
云南云海肴（后海）,主食,椒麻云腿饼,10
云南云海肴（后海）,主食,传统云腿饼,8
云南云海肴（后海）,主食,玫瑰花云腿饼,12
云南云海肴（后海）,主食,得胜桥豆花米线,26
云南云海肴（后海）,主食,老昆明卤面,22
云南云海肴（后海）,凉菜,石林糊辣凉米线,28
云南云海肴（后海）,凉菜,鸡丝凉米线,34
云南云海肴（后海）,凉菜,青柠拌菠萝,12
云南云海肴（后海）,凉菜,丽江鸡豆粉,20
云南云海肴（后海）,凉菜,风味牛肉,38
云南云海肴（后海）,凉菜,大理话梅花生,12
云南云海肴（后海）,凉菜,冬菇卤豆腐,16
云南云海肴（后海）,凉菜,酸奶拌瓜果,16
云南云海肴（后海）,凉菜,凉拌折耳根,12
云南云海肴（后海）,凉菜,薄荷牛肉卷,30
云南云海肴（后海）,烧烤,傣味烤五花肉,39
云南云海肴（后海）,烧烤,烤韭菜,19
云南云海肴（后海）,烧烤,烤茄子,29
云南云海肴（后海）,烧烤,烤小瓜,20
云南云海肴（后海）,烧烤,泰傣烤肉双拼,46
云南云海肴（后海）,烧烤,烤鸡腿配芒果,56
云南云海肴（后海）,烧烤,香茅草烤翅中（两对),28
云南云海肴（后海）,蒸煮,银杏汽锅鸡,22
云南云海肴（后海）,蒸煮,原味汽锅鸡,46
云南云海肴（后海）,蒸煮,火腿高汤娃娃菜,36
云南云海肴（后海）,蒸煮,红豆腌菜洋芋片汤,36
云南云海肴（后海）,蒸煮,大理砂锅豆腐煲,69
云南云海肴（后海）,蒸煮,茴香圆子汤,39
云南云海肴（后海）,蒸煮,汽锅菌丸,59
云南云海肴（后海）,炒菜,老奶洋芋(葱香),9
云南云海肴（后海）,炒菜,老奶洋芋(香辣),9
云南云海肴（后海）,炒菜,老昆明大酥牛肉,78
云南云海肴（后海）,炒菜,油焖小麦瓜,36
云南云海肴（后海）,炒菜,腌菜松板肉,72
云南云海肴（后海）,炒菜,干巴炒藕丝,38
云南云海肴（后海）,炒菜,十里香茶树菇,39
云南云海肴（后海）,炒菜,鲜茶树菇爆牛柳,49
云南云海肴（后海）,炒菜,回锅土豆,28
云南云海肴（后海）,炒菜,生炸排骨,50
云南云海肴（后海）,炒菜,咸蛋黄土豆丝,32
云南云海肴（后海）,炒菜,干焙土豆丝,39
云南云海肴（后海）,炒菜,老滇酱爆茄子,39
云南云海肴（后海）,炒菜,风干肉炒香笋,38
云南云海肴（后海）,炒菜,宣威小炒肉,38
云南云海肴（后海）,炒菜,茉莉花炒蛋,32
云南云海肴（后海）,炒菜,茶香豆腐,39
云南云海肴（后海）,炒菜,黑三剁,38
云南云海肴（后海）,炒菜,红三剁,36
云南云海肴（后海）,炒菜,饵块辣子鸡,46
云南云海肴（后海）,炒菜,椒丝腐乳空心菜（夏天）,29
云南云海肴（后海）,炒菜,白灼板蓝根,39
云南云海肴（后海）,炒菜,手撕包心菜,22
云南云海肴（后海）,炒菜,下饭黄焖鸡,39
云南云海肴（后海）,炒菜,小炒菠萝鸡丁,39
云南云海肴（后海）,炒菜,风干肉丝炒折耳根,36
云南云海肴（后海）,炒菜,红豆炒苦菜,29
云南云海肴（后海）,炒菜,元谋酸角鸡,52
云南云海肴（后海）,炒菜,话梅炒藕片,29
云南云海肴（后海）,炒菜,花菇炒荷兰豆,36
云南云海肴（后海）,炒菜,油淋干巴,62
云南云海肴（后海）,炒菜,薄荷炒韭菜,29
云南云海肴（后海）,炒菜,版纳野果酸汤鱼,75
云南云海肴（后海）,炒菜,干椒牛肝菌,124
云南云海肴（后海）,炒菜,腌菜炒莲藕,29
EATALIA（地安门店）,开胃菜和沙拉,"（推荐）卡皮斯：马苏里拉奶酪, 番茄和罗勒配初榨橄榄油",46
EATALIA（地安门店）,开胃菜和沙拉,什锦蔬菜沙拉,33
EATALIA（地安门店）,开胃菜和沙拉,什锦鸡肉蔬菜沙拉,50
EATALIA（地安门店）,开胃菜和沙拉,生牛肉冷切薄片配帕玛森芝士圣女果,57
EATALIA（地安门店）,开胃菜和沙拉,金枪鱼冷切配圣女果,68
EATALIA（地安门店）,开胃菜和沙拉,"意大利火腿：萨拉米, 烟熏火腿, 帕尔马火腿和 伦巴第风干牛肉",154
EATALIA（地安门店）,开胃菜和沙拉,"奶酪拼盘：塔莱焦奶酪, 古冈左拉奶酪, 帕马森奶酪, 马苏里拉奶酪",165
EATALIA（地安门店）,意面,番茄罗勒意面,46
EATALIA（地安门店）,意面,肉酱意面,57
EATALIA（地安门店）,意面,奶油蘑菇意面,57
EATALIA（地安门店）,意面,帕玛森蛋黄意面,53
EATALIA（地安门店）,意面,"诺尔玛意面：番茄, 里考塔奶酪和茄子 诺尔马意面",64
EATALIA（地安门店）,意面,"热那亚：罗勒, 松子, 初榨橄榄油",64
EATALIA（地安门店）,意面,什锦奶酪意面,72
EATALIA（地安门店）,意面,金枪鱼番茄橄榄意面,61
EATALIA（地安门店）,意面,迷迭香炖猪颈肉意面,68
EATALIA（地安门店）,意面,（推荐）特伦蒂诺：迷迭香炖猪颈肉配 古冈左拉奶酪和烟熏火腿 特伦托意面,75
EATALIA（地安门店）,意大利土豆球,番茄罗勒土豆球,51
EATALIA（地安门店）,意大利土豆球,肉酱土豆球,62
EATALIA（地安门店）,意大利土豆球,奶油蘑菇土豆球,62
EATALIA（地安门店）,意大利土豆球,"番茄, 马苏里拉奶酪和续随子 索伦托马铃薯球",62
EATALIA（地安门店）,意大利土豆球,"番茄, 里考塔奶酪和茄子 诺尔马 马铃薯球",68
EATALIA（地安门店）,意大利土豆球,"热那亚：罗勒, 松子和橄榄油 热那亚香蒜酱马铃薯球",68
EATALIA（地安门店）,意大利土豆球,四种奶酪土豆球,76
EATALIA（地安门店）,意大利土豆球,"金枪鱼, 番茄和黑橄榄马铃薯球",65
EATALIA（地安门店）,意大利土豆球,（推荐）芦笋和培根配塔莱焦奶酪 加尔达马铃薯球,75
EATALIA（地安门店）,意大利土豆球,特伦蒂诺：迷迭香炖猪颈肉配 古冈左拉奶酪和烟熏火腿 特伦托马铃薯球,79
EATALIA（地安门店）,比萨,"特制玛格丽特：马苏里拉奶酪, 鲜番茄和罗勒叶",42
EATALIA（地安门店）,比萨,蔬菜比萨：马苏里拉奶酪和菠菜,42.000
EATALIA（地安门店）,比萨,"海洋比萨：马苏里拉奶酪, 续随子, 橄榄和鳀鱼肉",31
EATALIA（地安门店）,比萨,"菲诺港比萨：马苏里拉奶酪, 鳀鱼肉, 圣女果,芝麻菜配帕马森奶酪",31.000
EATALIA（地安门店）,比萨,"金枪鱼比萨：马苏里拉奶酪, 金枪鱼, 黑橄榄和洋葱",37
EATALIA（地安门店）,比萨,"火腿蘑菇比萨：马苏里拉奶酪, 烤火腿, 蘑菇",37.000
EATALIA（地安门店）,比萨,"意式香肠比萨：马苏里拉奶酪, 意式香肠, 洋葱",42
EATALIA（地安门店）,比萨,"烟熏火腿洋葱比萨：马苏里拉奶酪, 意式烟熏火腿, 洋葱",42.000
EATALIA（地安门店）,比萨,"魔鬼比萨：马苏里拉奶酪, 萨拉米和古冈左拉奶酪",37
EATALIA（地安门店）,白披萨奶油底,"双份马苏里拉奶酪, 圣女果和橄榄",44
EATALIA（地安门店）,白披萨奶油底,"香肠, 烤马铃薯和烤洋葱",44.000
EATALIA（地安门店）,白披萨奶油底,"烤洋葱, 培根和菠菜",44
EATALIA（地安门店）,意大利焗饺,托特隆尼：里考塔奶酪和菠菜配番茄罗勒酱焗饺,31
EATALIA（地安门店）,意大利焗饺,米兰：南瓜和帕马森奶酪配黄油酱,31.000
EATALIA（地安门店）,意大利焗饺,弦月：猪肉和黑葡萄醋配奶油蘑菇酱,29
EATALIA（地安门店）,意大利焗饺,罗马式焗饺：鸡肉，胡萝卜，配奶油番茄培根酱,29.000
EATALIA（地安门店）,意大利焗饺,伦巴第大焗饺：烟熏火腿和塔莱焦奶酪配奶油番茄培根酱,33
EATALIA（地安门店）,意大利焗饺,"西西里亚焗饺：海鲈和胡萝卜配续随子, 橄榄, 鳀鱼肉的番茄酱汁",33.000
EATALIA（地安门店）,意大利焗饺,"威尼斯焗饺：明虾和芦笋配续随子, 橄榄, 鳀鱼肉的番茄酱汁",35
EATALIA（地安门店）,意大利焗饺,三文鱼和费城奶酪配什锦奶酪馅红菜头焗饺,35.000
EATALIA（地安门店）,调味饭,"蔬菜调味饭：西兰花, 青黄西葫",53
EATALIA（地安门店）,调味饭,奶油蘑菇调味饭,62
EATALIA（地安门店）,调味饭,番茄金枪鱼调味饭,64
EATALIA（地安门店）,调味饭,鸡肉调味饭,64
EATALIA（地安门店）,调味饭,虾肉和芦笋调味饭,75
EATALIA（地安门店）,调味饭,"古冈左拉奶酪, 烟熏火腿和 迷迭香炖猪颈肉 特伦托调味饭",83
EATALIA（地安门店）,汤,帕玛森番茄汤,28
EATALIA（地安门店）,汤,（推荐）奶油蘑菇汤,33
EATALIA（地安门店）,汤,西兰花蘑菇汤,39
EATALIA（地安门店）,汤,土豆韭菜汤,28
EATALIA（地安门店）,汤,洋葱烟熏培根汤,33
EATALIA（地安门店）,汤,（推荐）胡萝卜生姜汤,28
EATALIA（地安门店）,主菜(主菜需要30分钟),"烤海鲈鱼配贝肉, 西兰花和圣女果",94
EATALIA（地安门店）,主菜(主菜需要30分钟),（推荐）煎三文鱼配蛋黄酱和鲜蔬菜,83
EATALIA（地安门店）,主菜(主菜需要30分钟),澳大利亚小牛肉配烤马铃薯,121
EATALIA（地安门店）,甜品,白巧克力松露,42
EATALIA（地安门店）,甜品,（推荐）巧克力慕斯,33
EATALIA（地安门店）,甜品,（推荐）提拉米苏,36
EATALIA（地安门店）,甜品,（推荐）意式奶油布丁,33
EATALIA（地安门店）,甜品,榛子酱蛋糕,46
EATALIA（地安门店）,甜品,巧克力杏仁蛋糕,50
66号后现代私房菜 （鼓楼）,66号特色私房菜,66号同治元宝肉:猪肉,48
66号后现代私房菜 （鼓楼）,66号特色私房菜,66号慈禧太后肘子:猪肘子,48
66号后现代私房菜 （鼓楼）,66号特色私房菜,66号清宫板栗烧梅花鹿肉:散养梅花鹿肉、京东板栗,48
66号后现代私房菜 （鼓楼）,66号特色私房菜,66号清宫八宝野兔丁:散养野兔肉、枸杞、果仁、葡萄干等,68
66号后现代私房菜 （鼓楼）,66号特色私房菜,66号雍正虾腰豌豆:深海虾仁、优级豌豆,68
66号后现代私房菜 （鼓楼）,66号特色私房菜,66号清宫雪梨凤脯:优级雪梨、鸡胸肉,58
66号后现代私房菜 （鼓楼）,66号特色私房菜,66号清宫松香鸵鸟肉:散养鸵鸟、松仁等,68
66号后现代私房菜 （鼓楼）,66号特色私房菜,66号清宫荔枝虾球:虾仁、荔枝等,68
66号后现代私房菜 （鼓楼）,66号宫廷私房菜,66号秘制XO酱炒鳄鱼肉：散养鳄鱼肉、野生菌等,158
66号后现代私房菜 （鼓楼）,66号自创私房菜,66号秘制怪味排骨：排骨,48
66号后现代私房菜 （鼓楼）,66号自创私房菜,66号私房葱香黑椒牛柳：精选牛肉,58
66号后现代私房菜 （鼓楼）,66号自创私房菜,66号秘制牛柳荷兰豆：精选牛肉、荷兰豆,58
66号后现代私房菜 （鼓楼）,66号自创私房菜,秘制XO酱炒野山菌虾球：野山菌、虾肉,48
66号后现代私房菜 （鼓楼）,66号自创私房菜,秘制海鲜酱爆炒墨鱼茶树菇：墨鱼、茶树菇,48
66号后现代私房菜 （鼓楼）,66号自创私房菜,66号酱香豆腐什锦丁：豆腐、鸡丁,42
66号后现代私房菜 （鼓楼）,66号自创私房菜,66号秘制鸿运罐牛（罐羊、罐虾）：牛肉、番茄、土豆、洋葱、胡萝卜等,46
66号后现代私房菜 （鼓楼）,66号自创私房菜,66号私房地皮炒柴鸡蛋：地皮菜、柴鸡蛋,38
66号后现代私房菜 （鼓楼）,66号自创私房菜,66号私房秘制孜然铁板羊肉,58
66号后现代私房菜 （鼓楼）,66号自创私房菜,66号秘制泰汁鸡丁,38
66号后现代私房菜 （鼓楼）,66号自创私房菜,66号秘制香仔鸡,48
66号后现代私房菜 （鼓楼）,66号自创私房菜,66号宫廷私房酱爆桃仁鸭丁,46
66号后现代私房菜 （鼓楼）,66号自创私房菜,66号秘制宫廷极品鱼羊鲜,98
66号后现代私房菜 （鼓楼）,66号自创私房菜,66号私房八珍豆腐煲,48
66号后现代私房菜 （鼓楼）,66精品凉菜,66号私房杭椒小皮蛋,28
66号后现代私房菜 （鼓楼）,66精品凉菜,66号极品大拌菜,28
66号后现代私房菜 （鼓楼）,66精品凉菜,66号清宫果仁菠菜,28
66号后现代私房菜 （鼓楼）,66精品凉菜,66号一品QQ水果沙拉,28
66号后现代私房菜 （鼓楼）,66精品凉菜,66号川香口水鸡,32
66号后现代私房菜 （鼓楼）,66精品凉菜,66号私房酱牛肉,32
66号后现代私房菜 （鼓楼）,健康时蔬,西兰花,28
66号后现代私房菜 （鼓楼）,健康时蔬,荷兰豆,28
66号后现代私房菜 （鼓楼）,健康时蔬,青笋,28
66号后现代私房菜 （鼓楼）,健康时蔬,娃娃菜,28
66号后现代私房菜 （鼓楼）,健康时蔬,大白菜,18
66号后现代私房菜 （鼓楼）,健康时蔬,西红柿炒柴鸡蛋,28
66号后现代私房菜 （鼓楼）,健康时蔬,木耳,28
66号后现代私房菜 （鼓楼）,营养汤品及主食,饺子,28
66号后现代私房菜 （鼓楼）,营养汤品及主食,米饭,2
66号后现代私房菜 （鼓楼）,营养汤品及主食,山东大馒头,3
66号后现代私房菜 （鼓楼）,营养汤品及主食,黄金小馒头（奶酪）,28
66号后现代私房菜 （鼓楼）,营养汤品及主食,玉米羹,22
66号后现代私房菜 （鼓楼）,营养汤品及主食,西红柿鸡蛋汤,22
66号后现代私房菜 （鼓楼）,营养汤品及主食,滋补鲫鱼汤,38
66号后现代私房菜 （鼓楼）,66号秘制张飞干锅,干锅牛蛙,68
66号后现代私房菜 （鼓楼）,66号秘制张飞干锅,干锅鸡,58
66号后现代私房菜 （鼓楼）,66号秘制张飞干锅,干锅鱼丸,48
66号后现代私房菜 （鼓楼）,66号秘制张飞干锅,干锅虾丸,48
66号后现代私房菜 （鼓楼）,66号秘制张飞干锅,干锅兔子,56
66号后现代私房菜 （鼓楼）,66号秘制张飞干锅,干锅大虾,56
衚衕披萨 （后海）,意大利饺子,奶酪和西红柿：Mozzarella 奶酪，西红柿酱,46
衚衕披萨 （后海）,意大利饺子,素食: Mozzarella奶酪，青椒，洋葱，蘑菇，橄榄,48
衚衕披萨 （后海）,意大利饺子,"三种奶酪: Mozzarella奶酪，Parmesan奶酪，丹麦蓝奶酪,（西红柿酱，青椒，橄榄）",51
衚衕披萨 （后海）,意大利饺子,金枪鱼: Mozzarella 奶酪，西红柿，青椒，金枪鱼洋葱，橄榄和摊鸡蛋,58
衚衕披萨 （后海）,意大利饺子,银鱼和橄榄: Mozzarella 奶酪，西红柿酱，青椒，银鱼，洋葱，橄榄,59
衚衕披萨 （后海）,意大利饺子,地中海: Mozzarella 奶酪，西红柿酱，烤茄子和西葫芦，贝素叶酱，Feta奶酪，橄榄,58
衚衕披萨 （后海）,意大利饺子,蔬菜狂欢: Mozzarella奶酪，西红柿酱，烤红，青椒和小黄柿子椒，蘑菇，洋葱，熏豆腐干，橄榄，水瓜柳，甜玉米粒,59
衚衕披萨 （后海）,意大利饺子,奶酪蔬菜狂欢: Mozzarella奶酪，Parmesan奶酪，丹麦蓝奶酪，西红柿酱，烤红，青椒和小黄柿子椒，蘑菇，洋葱，熏豆腐干，橄榄，水瓜柳，甜玉米粒,59
衚衕披萨 （后海）,意大利饺子,混合蘑菇菠菜素披萨: Mozzarella奶酪，西红柿酱，混合蘑菇，绿橄榄,48
衚衕披萨 （后海）,意大利饺子,水果狂欢: Mozzarella 奶酪，西红柿酱，苹果，黄桃，香蕉，菠萝,51
衚衕披萨 （后海）,意大利饺子,鲜虾披萨: 贝素叶酱，奶酪，樱桃番茄，鲜虾，红洋葱,58
衚衕披萨 （后海）,意大利饺子,辣椒牛肉: Mazzarella 奶酪，西红柿酱，碎牛肉，洋葱，辣椒,55
衚衕披萨 （后海）,意大利饺子,夏威夷: Mozzarella奶酪，西红柿酱，火腿，菠萝,52
衚衕披萨 （后海）,意大利饺子,"咖喱鸡: Mozzarella奶酪,西红柿酱，咖喱鸡，青椒，辣椒，酸奶，薄荷叶，洋葱",56
衚衕披萨 （后海）,意大利饺子,"意大利腊肠: Mozzarella奶酪,西红柿酱，意大利腊肠",58
衚衕披萨 （后海）,意大利饺子,"捕猎者: Mozzarella奶酪,西红柿酱，碎牛肉，腊肠，培根，青椒，洋葱，橄榄",59
衚衕披萨 （后海）,意大利饺子,"地中海: Mozzarella奶酪,西红柿酱，烤茄子和西葫芦，贝素叶酱，Feta奶酪，意大利腊肠，橄榄",61
衚衕披萨 （后海）,意大利饺子,混合蘑菇菠菜加意大利腊肠: Mozzarella奶酪，西红柿酱，混合蘑菇，洋葱，意大利腊肠，菠菜，绿橄榄,59
衚衕披萨 （后海）,意大利饺子,烤鸡肉培根: Mozzarella 和Parmeasn奶酪，烤鸡，培根，烤红，绿椒和小黄柿子椒，橄榄，洋葱，水瓜柳,59
衚衕披萨 （后海）,意大利饺子,经典: Mozzarella奶酪，西红柿酱，丹麦蓝奶酪，意大利腊肠，洋蓟芯，橄榄,55
衚衕披萨 （后海）,意大利饺子,"火腿: Mozzarella奶酪,Parmeasn奶酪，丹麦蓝奶酪，西红柿酱，碎牛肉，意大利腊肠，培根，青椒，洋葱，橄榄",59
衚衕披萨 （后海）,意大利饺子,捕猎者狂欢: Mozzarella奶酪，Parmesan奶酪，丹麦蓝奶酪，西红柿酱，碎牛肉，意大利腊肠，培根，青椒，洋葱，橄榄,59
衚衕披萨 （后海）,意大利饺子,什锦: Mozzarella奶酪，Parmesan奶酪，丹麦蓝奶酪，西红柿酱，碎牛肉，意大利腊肠，培根，鸡肉，蘑菇，烤红，青椒和小黄柿子椒，洋蓟芯，甜玉米粒，洋葱，橄榄，水瓜柳,65
衚衕披萨 （后海）,意大利饺子,"英式烤肠: Mozzarella奶酪,西红柿酱，洋葱，香肠，青椒，辣椒，西兰花",58
衚衕披萨 （后海）,披萨,奶酪和西红柿（9寸）:  Mozzarella 奶酪，西红柿酱,68
衚衕披萨 （后海）,披萨,奶酪和西红柿（12寸）: Mozzarella 奶酪，西红柿酱,109
衚衕披萨 （后海）,披萨,素食（9寸）: Mozzarella奶酪，青椒，洋葱，蘑菇，橄榄,75
衚衕披萨 （后海）,披萨,素食（12寸）: Mozzarella奶酪，青椒，洋葱，蘑菇，橄榄,115
衚衕披萨 （后海）,披萨,三种奶酪（9寸）: Mozzarella奶酪，Parmesan奶酪，丹麦蓝奶酪，（西红柿酱，青椒，橄榄）,78
衚衕披萨 （后海）,披萨,三种奶酪（12寸）: Mozzarella奶酪，Parmesan奶酪，丹麦蓝奶酪，（西红柿酱，青椒，橄榄）,118
衚衕披萨 （后海）,披萨,金枪鱼（9寸）: Mozzarella 奶酪，西红柿，青椒，金枪鱼，洋葱，橄榄和摊鸡蛋,82
衚衕披萨 （后海）,披萨,金枪鱼（12寸）: Mozzarella 奶酪，西红柿，青椒，金枪鱼，洋葱，橄榄和摊鸡蛋,128
衚衕披萨 （后海）,披萨,银鱼和橄榄（9寸）: Mozzarella 奶酪，西红柿酱，青椒，银鱼，洋葱，橄榄,85
衚衕披萨 （后海）,披萨,银鱼和橄榄（12寸）: Mozzarella 奶酪，西红柿酱，青椒，银鱼，洋葱，橄榄,128
衚衕披萨 （后海）,披萨,地中海（9寸）: Mozzarella 奶酪，西红柿酱，烤茄子和西葫芦，贝素叶酱，Feta奶酪，橄榄,86
衚衕披萨 （后海）,披萨,蔬菜狂欢（9寸）: Mozzarella奶酪，西红柿酱，烤红，青椒和小黄柿子椒，蘑菇，洋葱，熏豆腐干，橄榄，水瓜柳，甜玉米粒,85
衚衕披萨 （后海）,披萨,蔬菜狂欢（12寸）: Mozzarella奶酪，西红柿酱，烤红，青椒和小黄柿子椒，蘑菇，洋葱，熏豆腐干，橄榄，水瓜柳，甜玉米粒,125
衚衕披萨 （后海）,披萨,奶酪蔬菜狂欢（9寸）: Mozzarella奶酪，Parmesan奶酪，丹麦蓝奶酪，西红柿酱，烤红，青椒和小黄柿子椒，蘑菇，洋葱，熏豆腐干，橄榄，水瓜柳，甜玉米粒,88
衚衕披萨 （后海）,披萨,奶酪蔬菜狂欢（12寸）: Mozzarella奶酪，Parmesan奶酪，丹麦蓝奶酪，西红柿酱，烤红，青椒和小黄柿子椒，蘑菇，洋葱，熏豆腐干，橄榄，水瓜柳，甜玉米粒,126
衚衕披萨 （后海）,披萨,混合蘑菇菠菜素披萨（9寸）: Mozzarella奶酪，西红柿酱，混合蘑菇，绿橄榄,81
衚衕披萨 （后海）,披萨,混合蘑菇菠菜素披萨（12寸）: Mozzarella奶酪，西红柿酱，混合蘑菇，绿橄榄,125
衚衕披萨 （后海）,披萨,水果狂欢（9寸）: Mozzarella 奶酪，西红柿酱，苹果，黄桃，香蕉，菠萝,85
衚衕披萨 （后海）,披萨,水果狂欢（12寸）:  Mozzarella 奶酪，西红柿酱，苹果，黄桃，香蕉，菠萝,118
衚衕披萨 （后海）,披萨,鲜虾披萨（9寸）: 贝素叶酱，奶酪，樱桃番茄，鲜虾，红洋葱,88
衚衕披萨 （后海）,披萨,鲜虾披萨（12寸）: 贝素叶酱，奶酪，樱桃番茄，鲜虾，红洋葱,126
衚衕披萨 （后海）,披萨,夏威夷（9寸）: Mozzarella奶酪，西红柿酱，火腿，菠萝,79
衚衕披萨 （后海）,披萨,夏威夷（12寸）: Mozzarella奶酪，西红柿酱，火腿，菠萝,119
衚衕披萨 （后海）,披萨,辣椒牛肉（9寸）: Mazzarella 奶酪，西红柿酱，碎牛肉，洋葱，辣椒,80
衚衕披萨 （后海）,披萨,辣椒牛肉（12寸）: Mazzarella 奶酪，西红柿酱，碎牛肉，洋葱，辣椒,118
衚衕披萨 （后海）,披萨,"咖喱鸡（12寸）: Mozzarella奶酪,西红柿酱，咖喱鸡，青椒，辣椒，酸奶，薄荷叶，洋葱",125
衚衕披萨 （后海）,披萨,"咖喱鸡（9寸）: Mozzarella奶酪,西红柿酱，咖喱鸡，青椒，辣椒，酸奶，薄荷叶，洋葱",85
衚衕披萨 （后海）,披萨,"意大利腊肠（12寸）: Mozzarella奶酪,西红柿酱，意大利腊肠",126
衚衕披萨 （后海）,披萨,"意大利腊肠（9寸）: Mozzarella奶酪,西红柿酱，意大利腊肠",82
衚衕披萨 （后海）,披萨,捕猎者（9寸）: Mozzarella奶酪，西红柿酱，碎牛肉，腊肠，培根，青椒，洋葱，橄榄,86
衚衕披萨 （后海）,披萨,"捕猎者（12 寸）: Mozzarella奶酪,西红柿酱，碎牛肉，腊肠，培根，青椒，洋葱，橄榄",129
衚衕披萨 （后海）,披萨,"地中海（9寸）: Mozzarella奶酪,西红柿酱，烤茄子和西葫芦，贝素叶酱，Feta奶酪，意大利腊肠，橄榄",88
衚衕披萨 （后海）,披萨,"地中海（12寸）: Mozzarella奶酪,西红柿酱，烤茄子和西葫芦，贝素叶酱，Feta奶酪，意大利腊肠，橄榄",128
衚衕披萨 （后海）,披萨,混合蘑菇菠菜加意大利腊肠（9寸）: Mozzarella奶酪，西红柿酱，混合蘑菇，洋葱，意大利腊肠，菠菜，绿橄榄,89
衚衕披萨 （后海）,披萨,混合蘑菇菠菜加意大利腊肠（12寸）: Mozzarella奶酪，西红柿酱，混合蘑菇，洋葱，意大利腊肠，菠菜，绿橄榄,129
衚衕披萨 （后海）,披萨,烤鸡肉培根（9寸）: Mozzarella 和Parmeasn奶酪，烤鸡，培根，烤红，绿椒和小黄柿子椒，橄榄，洋葱，水瓜柳,89
衚衕披萨 （后海）,披萨,烤鸡肉培根（12寸）: Mozzarella 和Parmeasn奶酪，烤鸡，培根，烤红，绿椒和小黄柿子椒，橄榄，洋葱，水瓜柳,128
衚衕披萨 （后海）,披萨,经典（9寸）: Mozzarella奶酪，西红柿酱，丹麦蓝奶酪，意大利腊肠，洋蓟芯，橄榄,83
衚衕披萨 （后海）,披萨,经典（12寸）: Mozzarella奶酪，西红柿酱，丹麦蓝奶酪，意大利腊肠，洋蓟芯，橄榄,125
衚衕披萨 （后海）,披萨,"火腿披萨（9寸）: Mozzarella奶酪,Parmeasn奶酪，丹麦蓝奶酪，西红柿酱，碎牛肉，意大利腊肠，培根，青椒，洋葱，橄榄",88
衚衕披萨 （后海）,披萨,"火腿披萨（12寸）: Mozzarella奶酪,Parmeasn奶酪，丹麦蓝奶酪，西红柿酱，碎牛肉，意大利腊肠，培根，青椒，洋葱，橄榄",128
衚衕披萨 （后海）,披萨,捕猎者狂欢（9寸）: Mozzarella奶酪，Parmesan奶酪，丹麦蓝奶酪，西红柿酱，碎牛肉，意大利腊肠，培根，青椒，洋葱，橄榄,90
衚衕披萨 （后海）,披萨,捕猎者狂欢（12寸）: Mozzarella奶酪，Parmesan奶酪，丹麦蓝奶酪，西红柿酱，碎牛肉，意大利腊肠，培根，青椒，洋葱，橄榄,129
衚衕披萨 （后海）,披萨,什锦（9寸）: Mozzarella奶酪，Parmesan奶酪，丹麦蓝奶酪，西红柿酱，碎牛肉，意大利腊肠，培根，鸡肉，蘑菇，烤红，青椒和小黄柿子椒，洋蓟芯，甜玉米粒，洋葱，橄榄，水瓜柳,93
衚衕披萨 （后海）,披萨,什锦（12寸）: Mozzarella奶酪，Parmesan奶酪，丹麦蓝奶酪，西红柿酱，碎牛肉，意大利腊肠，培根，鸡肉，蘑菇，烤红，青椒和小黄柿子椒，洋蓟芯，甜玉米粒，洋葱，橄榄，水瓜柳,135
衚衕披萨 （后海）,披萨,"英式烤肠（9寸）: Mozzarella奶酪,西红柿酱，洋葱，香肠，青椒，辣椒，西兰花",86
衚衕披萨 （后海）,披萨,"英式烤肠（12寸）: Mozzarella奶酪,西红柿酱，洋葱，香肠，青椒，辣椒，西兰花",128
衚衕披萨 （后海）,意大利面,牛肉酱意大利面,38
衚衕披萨 （后海）,意大利面,蔬菜酱意大利面,35
衚衕披萨 （后海）,意大利面,混合蘑菇奶油意大利面,35
衚衕披萨 （后海）,意大利面,培根蘑菇面: 培根，蘑菇，鸡蛋,38
衚衕披萨 （后海）,意大利面,混合蔬菜面: 烤茄子，红黄柿子椒，洋葱,35
衚衕披萨 （后海）,甜点,自制苹果派，配冰激凌,30
衚衕披萨 （后海）,甜点,巧克力小蛋糕，配冰激凌,30
衚衕披萨 （后海）,甜点,香蕉派,30
衚衕披萨 （后海）,甜点,奶酪蛋糕,30
衚衕披萨 （后海）,汉堡类（汉堡均配有薯条和小沙拉）,无吉士牛肉/素汉包,45
衚衕披萨 （后海）,汉堡类（汉堡均配有薯条和小沙拉）,吉士牛肉/素汉包,49
衚衕披萨 （后海）,汉堡类（汉堡均配有薯条和小沙拉）,吉士和蓝色吉士牛肉/素汉包,55
衚衕披萨 （后海）,沙拉,混合沙拉,35
衚衕披萨 （后海）,沙拉,豆子烤柿子椒沙拉,35.000
衚衕披萨 （后海）,沙拉,培根奶酪沙拉,39
衚衕披萨 （后海）,沙拉,豆豆角沙拉,39.000
衚衕披萨 （后海）,沙拉,厨师沙拉,46
衚衕披萨 （后海）,沙拉,必然沙拉,46.000
衚衕披萨 （后海）,沙拉,凯撒沙拉,48
衚衕披萨 （后海）,沙拉,凯撒鸡肉沙拉,48.000
衚衕披萨 （后海）,沙拉,水果沙拉,48
衚衕披萨 （后海）,沙拉,菠菜沙拉,48.000
衚衕披萨 （后海）,沙拉,菲达沙拉,48
衚衕披萨 （后海）,小吃,蒜茸面包,29
衚衕披萨 （后海）,小吃,炸薯条,29
衚衕披萨 （后海）,小吃,炸土豆皮,31
衚衕披萨 （后海）,小吃,炸鸡翅,32
衚衕披萨 （后海）,小吃,炸洋蓟心,29
衚衕披萨 （后海）,小吃,炸鱿鱼,29
云南味道 （东四）,精美凉菜,清爽木瓜丝,26
云南味道 （东四）,精美凉菜,大理豌豆粉,26
云南味道 （东四）,精美凉菜,薄荷牛肉卷,32
云南味道 （东四）,精美凉菜,七彩云丝,18
云南味道 （东四）,精美凉菜,丽江凉米线,22
云南味道 （东四）,精美凉菜,油鸡枞,32
云南味道 （东四）,精美凉菜,凉拌折耳根,22
云南味道 （东四）,精美凉菜,美味小木耳,18
云南味道 （东四）,阿火私房菜,大理木瓜鸡 （2斤）,66
云南味道 （东四）,阿火私房菜,大理木瓜鱼 （2斤）,76
云南味道 （东四）,阿火私房菜,阿妈洋芋片大烧肉,40
云南味道 （东四）,阿火私房菜,阿火家酸汤鱼,78
云南味道 （东四）,阿火私房菜,云南椒盐平菇,28
云南味道 （东四）,阿火私房菜,牛肝菌炖牛腩,66
云南味道 （东四）,阿火私房菜,云南神腿,98
云南味道 （东四）,阿火私房菜,秘制烤羊腿,28
云南味道 （东四）,阿火私房菜,丽江洋芋焖土鸡,66
云南味道 （东四）,阿火私房菜,彝乡腊土猪肉,88
云南味道 （东四）,阿火云味必点十三道菜,香芋草酥鲫鱼,15
云南味道 （东四）,阿火云味必点十三道菜,云南臭豆腐,32
云南味道 （东四）,阿火云味必点十三道菜,茉莉花炒鸡蛋,28
云南味道 （东四）,阿火云味必点十三道菜,精品竹虫,66
云南味道 （东四）,阿火云味必点十三道菜,香酥蜂蛹,86
云南味道 （东四）,阿火云味必点十三道菜,青 （干）椒炒火腿,58
云南味道 （东四）,阿火云味必点十三道菜,大救驾,28
云南味道 （东四）,阿火云味必点十三道菜,黑 （红）三剁,26
云南味道 （东四）,阿火云味必点十三道菜,鲜桃仁羊肚菌,278
云南味道 （东四）,阿火云味必点十三道菜,桂花虎掌菌,88
云南味道 （东四）,阿火云味必点十三道菜,云椒牛肝菌,98
云南味道 （东四）,阿火云味必点十三道菜,云椒干巴菌,278
云南味道 （东四）,阿火云味必点十三道菜,彝家酱腔骨,66
云南味道 （东四）,阿火云味必点十三道菜,香芋草罗非鱼,66
云南味道 （东四）,阿火云味必点十三道菜,老奶洋芋,18
云南味道 （东四）,阿火云味必点十三道菜,情人排骨,88
云南味道 （东四）,阿火云味必点十三道菜,丽江腊排骨 （大）,138
云南味道 （东四）,阿火云味必点十三道菜,丽江腊排骨 （小）,118
云南味道 （东四）,保留菜品回顾五年来,滇味干锅全鸡,76
云南味道 （东四）,保留菜品回顾五年来,彝家脆皮鱼 （2斤左右）,68
云南味道 （东四）,保留菜品回顾五年来,彝家坨坨肉,76
云南味道 （东四）,保留菜品回顾五年来,蒜茸 （普洱茶）香虾,66
云南味道 （东四）,保留菜品回顾五年来,傣家酸笋鸡,66
云南味道 （东四）,保留菜品回顾五年来,丽江阿妈香肠,42
云南味道 （东四）,保留菜品回顾五年来,洋芋片炒腊肉,32
云南味道 （东四）,保留菜品回顾五年来,普洱茶酥排骨,56
云南味道 （东四）,保留菜品回顾五年来,小炒莲花白,26
云南味道 （东四）,保留菜品回顾五年来,苦菜酥红豆,32
云南味道 （东四）,保留菜品回顾五年来,丽江小炒鸡,32
云南味道 （东四）,保留菜品回顾五年来,滇味生炸排骨,56
云南味道 （东四）,保留菜品回顾五年来,秘制酸辣鱼 （2斤左右）,68
云南味道 （东四）,保留菜品回顾五年来,香格里拉油淋干巴,78
云南味道 （东四）,阿火云味汤,云南山珍菌汤,56
云南味道 （东四）,阿火云味汤,山珍汽锅鸡,78
云南味道 （东四）,阿火云味汤,彝家酸菜红豆汤,36
云南味道 （东四）,阿火云味汤,沾水苦菜汤,26
云南味道 （东四）,阿火云味汤,白菜豆腐汤,36
云南味道 （东四）,阿火云味汤,大西南杂菜汤,32
云南味道 （东四）,田园时蔬,清炒豌豆尖,28
云南味道 （东四）,田园时蔬,丽江风味茄子,22
云南味道 （东四）,田园时蔬,炝（请）炒圆白菜,18
云南味道 （东四）,田园时蔬,南瓜尖,28
云南味道 （东四）,田园时蔬,西兰花,18
云南味道 （东四）,田园时蔬,苦菜 （蒜茸，炝炒）,18
云南味道 （东四）,田园时蔬,空心菜 （蒜茸，炝炒）,18
云南味道 （东四）,田园时蔬,土豆丝 （酸菜，干煸）,26
云南味道 （东四）,阿火云味主食,炒米线,22
云南味道 （东四）,阿火云味主食,阿火炒饭,15
云南味道 （东四）,阿火云味主食,米饭,3
云南味道 （东四）,阿火云味主食,火腿洋芋焖饭 （大）,30
云南味道 （东四）,阿火云味主食,火腿洋芋焖饭 （小）,20
云南味道 （东四）,阿火云味主食,黑三剁炒饭,15
云南味道 （东四）,阿火云味主食,菠萝饭,32
云南味道 （东四）,阿火云味主食,情侣过桥米线,28
云南味道 （东四）,阿火云味主食,单身过桥米线,18
云南味道 （东四）,阿火云味主食,牛肉米线,18
云南味道 （东四）,阿火云味主食,小锅米线,15
云南味道 （东四）,阿火云味主食,竹筒饭 （根）,15
拉兹印度音乐餐厅,汤,印度扁豆汤： 去皮绿豆浓汤，印度人每日必喝,25
拉兹印度音乐餐厅,汤,奶油蘑菇汤： 蘑菇浓汤,28
拉兹印度音乐餐厅,汤,印式番茄汤： 番茄浓汤,25
拉兹印度音乐餐厅,沙拉,酸奶沙拉： 印度酸奶； 选择： a) 蔬菜  b) 土豆 c) 鲜果,28
拉兹印度音乐餐厅,沙拉,"蔬菜什锦沙拉 配柠檬： 洋葱,胡萝卜,辣椒,黄瓜",28
拉兹印度音乐餐厅,沙拉,"拉兹特色沙拉配番茄蛋黄酱： 洋葱,番茄,胡萝卜,辣椒,黄瓜丁",38
拉兹印度音乐餐厅,开胃头盘,"咖喱角 （3个）： 微辣,炸咖喱角；选择: a)蔬菜18元  b)羊肉 25元 c)鸡肉 25元",18
拉兹印度音乐餐厅,开胃头盘,洋葱圈帕可拉 （8个）： 油炸,18.000
拉兹印度音乐餐厅,开胃头盘,蔬菜帕可拉 （8个）：淋薄荷酱,25
拉兹印度音乐餐厅,开胃头盘,马铃薯土豆恰特： 淋酸奶酱,28
拉兹印度音乐餐厅,开胃头盘,"鸡肉恰特 （8个）： 烤鸡肉,淋酸奶酱",28
拉兹印度音乐餐厅,开胃头盘,鹰嘴土豆泥丸 （4个） 配薄荷酱: 香料,28
拉兹印度音乐餐厅,开胃头盘,鸡块帕可拉 （8个）配薄荷酱,38
拉兹印度音乐餐厅,开胃头盘,家乡乳酪帕可拉 （8个）配薄荷酱： 炸农舍奶酪,38
拉兹印度音乐餐厅,开胃头盘,深海鱼柳帕可拉 （8个） 薄荷酱： 三文鱼,58
拉兹印度音乐餐厅,开胃头盘,"孟买土豆 (8个) ： 填以农舍奶酪,腰果等",48
拉兹印度音乐餐厅,开胃头盘,"开胃菜拼盘： 4块烤鸡块,6个蔬菜帕可拉,2个蔬菜咖喱角",48
拉兹印度音乐餐厅,炭炉烤物,烤菜花： 微辣,58
拉兹印度音乐餐厅,炭炉烤物,烤蘑菇 ：微辣,68
拉兹印度音乐餐厅,炭炉烤物,"香料烤青辣椒 ：蔬菜,香菜，微辣",68
拉兹印度音乐餐厅,炭炉烤物,传统烤鸡块 ：酸奶腌制；中辣,68
拉兹印度音乐餐厅,炭炉烤物,蒜绒烤鸡块 ：香料；中辣,68
拉兹印度音乐餐厅,炭炉烤物,薄荷烤鸡块 ：薄荷酱；中辣,68
拉兹印度音乐餐厅,炭炉烤物,黑椒烤鸡块 ：中辣,68
拉兹印度音乐餐厅,炭炉烤物,拉什米风味烤鸡块 ：香料；不辣,68
拉兹印度音乐餐厅,炭炉烤物,烤乳酪 ：农舍奶酪淋以酸奶；微辣,78
拉兹印度音乐餐厅,炭炉烤物,酸奶烤鸡腿 ：香料；中辣,68
拉兹印度音乐餐厅,炭炉烤物,什锦蔬菜串烧 （8串） ： 微辣,68
拉兹印度音乐餐厅,炭炉烤物,香料烤羊肉馅 ：微辣,78
拉兹印度音乐餐厅,炭炉烤物,"薄荷烤鱼块 ：无骨鱼肉,薄荷酱；中辣",88
拉兹印度音乐餐厅,炭炉烤物,"拉贾斯坦香辣烤羊肉 ：酸奶,香料；中辣",78
拉兹印度音乐餐厅,炭炉烤物,"传统烤大虾 （8个）：带壳虾,茴香；中辣",98
拉兹印度音乐餐厅,炭炉烤物,"烤什锦拼盘 ：串烤羊肉,薄荷烤鱼块,腰果烤鸡块每种各4块；中辣",128
拉兹印度音乐餐厅,炭炉烤物,"招牌香料烤鸡： 半只带骨鸡,藏红花和酸奶腌制；中辣",68
拉兹印度音乐餐厅,素食咖喱,咖喱黑红豆： 奶油,48
拉兹印度音乐餐厅,素食咖喱,咖喱黄豆,48
拉兹印度音乐餐厅,素食咖喱,"班家比大扁豆： 洋葱,番茄,班家比酱",48
拉兹印度音乐餐厅,素食咖喱,孜然香煎土豆： 香料,48
拉兹印度音乐餐厅,素食咖喱,"香辣什锦蔬菜： 土豆,花菜,胡萝卜,洋葱,扁豆,辣椒,芥末籽;中辣",58
拉兹印度音乐餐厅,素食咖喱,"什锦烩杂菜： 土豆,花菜,胡萝卜,洋葱,扁豆,香料",58
拉兹印度音乐餐厅,素食咖喱,"鹰嘴三角埃及豆： 洋葱,番茄,班家比酱",68
拉兹印度音乐餐厅,素食咖喱,土豆煎菜花： 香料,58
拉兹印度音乐餐厅,素食咖喱,菠菜烹乳酪： 农舍奶酪,68
拉兹印度音乐餐厅,素食咖喱,"卡岱烩乳酪： 农舍奶酪,土豆,花菜,胡萝卜,洋葱,扁豆,番茄洋葱咖喱汁",68
拉兹印度音乐餐厅,素食咖喱,"咖喱烩乳酪： 农舍奶酪,黄油,番茄",68
拉兹印度音乐餐厅,素食咖喱,"腰果咖喱蔬菜：土豆,花菜,胡萝卜,洋葱,扁豆,腰果,奶油蒜咖喱汁",58
拉兹印度音乐餐厅,素食咖喱,"菠菜咖喱蔬菜团： 土豆,花菜,胡萝卜,洋葱,扁豆,菠菜汁",58
拉兹印度音乐餐厅,素食咖喱,咖喱茄子： 香料,58
拉兹印度音乐餐厅,素食咖喱,"蘑菇豌豆： 香料,洋葱咖喱汁",68
拉兹印度音乐餐厅,招牌咖喱鸡,南印度鸡蛋咖喱,68
拉兹印度音乐餐厅,招牌咖喱鸡,玛萨拉咖喱烤鸡块：奶油番茄汁,68
拉兹印度音乐餐厅,招牌咖喱鸡,马德拉斯烩香鸡,68
拉兹印度音乐餐厅,招牌咖喱鸡,浓辣咖喱鸡：土豆；重辣,68
拉兹印度音乐餐厅,招牌咖喱鸡,番茄黄油烹烤鸡： 番茄酱,68
拉兹印度音乐餐厅,招牌咖喱鸡,酸奶青椒烩鸡肉： 鸡腿肉块,68
拉兹印度音乐餐厅,招牌咖喱鸡,腰果咖喱鸡： 香料,68
拉兹印度音乐餐厅,招牌咖喱鸡,黑椒玛萨拉烩鸡肉： 洋葱番茄咖喱汁,68
拉兹印度音乐餐厅,招牌咖喱鸡,"印式干咖喱鸡： 鸡汤肉块,土豆,花菜,胡萝卜,洋葱,扁豆",68
拉兹印度音乐餐厅,招牌咖喱鸡,"菠菜咖喱鸡： 鸡腿肉块,菠菜咖喱汁",68
拉兹印度音乐餐厅,招牌咖喱鸡,"莫卧儿皇室烹鸡块： 鸡汤肉块,奶油洋葱番茄咖喱汁",68
拉兹印度音乐餐厅,羊肉类咖喱,"卡岱烩羊肉： 香料,洋葱",75
拉兹印度音乐餐厅,羊肉类咖喱,洋葱烹羊肉： 番茄洋葱咖喱汁,75
拉兹印度音乐餐厅,羊肉类咖喱,柠檬酱菜烩羊肉,75
拉兹印度音乐餐厅,羊肉类咖喱,腰果咖喱烩羊肉： 不辣香料,78
拉兹印度音乐餐厅,羊肉类咖喱,"印式烩羊肉： 洋葱,红椒汁",78
拉兹印度音乐餐厅,羊肉类咖喱,浓辣咖喱羊肉： 重辣洋葱汁,78
拉兹印度音乐餐厅,羊肉类咖喱,莫卧儿皇室烹羊肉： 奶油洋葱番茄咖喱汁,78
拉兹印度音乐餐厅,羊肉类咖喱,"酸奶南姜烹羊肉： 香料,姜,蒜,洋葱",78
拉兹印度音乐餐厅,羊肉类咖喱,菠菜咖喱烹羊肉： 香料,78
拉兹印度音乐餐厅,特色牛肉类咖喱,"玛萨拉烩牛肉： 香料,番茄洋葱咖喱汁",78
拉兹印度音乐餐厅,特色牛肉类咖喱,"豌豆烹牛肉： 香料,番茄洋葱咖喱汁",78
拉兹印度音乐餐厅,特色牛肉类咖喱,"拉贾汗皇家烹牛肉： 香料,奶油番茄洋葱咖喱汁",78
拉兹印度音乐餐厅,特色牛肉类咖喱,"浓辣咖喱牛肉： 香料,重辣洋葱咖喱汁",78
拉兹印度音乐餐厅,美味海鲜类咖喱,"果阿咖喱鱼块： 三文鱼用姜蒜酱腌制,椰浆,香料； 中辣",88
拉兹印度音乐餐厅,美味海鲜类咖喱,"洋葱咖喱三文鱼： 洋葱,香菜汁；中辣",88
拉兹印度音乐餐厅,美味海鲜类咖喱,"卡岱烩鱼块 （8块）： 香料,洋葱,番茄；中辣",88
拉兹印度音乐餐厅,美味海鲜类咖喱,玛萨拉传统烩香虾 （8个）：香料；中辣,98
拉兹印度音乐餐厅,美味海鲜类咖喱,"浓辣咖喱虾： 土豆,辣椒番茄洋葱咖喱汁；重辣",98
拉兹印度音乐餐厅,美味海鲜类咖喱,腰果香籽烹海虾 （8个）： 腰果咖喱汁；不辣,98
拉兹印度音乐餐厅,美味海鲜类咖喱,"蘑菇黑椒烩海虾 （8个）：蘑菇,番茄洋葱咖喱汁；微辣",98
拉兹印度音乐餐厅,印度烤饼,"克什米尔干果饼： 腰果,葡萄干",28
拉兹印度音乐餐厅,印度烤饼,全麦千层饼： 黄油，全麦饼,22
拉兹印度音乐餐厅,印度烤饼,"蔬菜饼,土豆,花菜,胡萝卜,扁豆",22
拉兹印度音乐餐厅,印度烤饼,土豆饼： 全麦饼,22
拉兹印度音乐餐厅,印度烤饼,菜花饼： 全麦饼,22
拉兹印度音乐餐厅,印度烤饼,"混合烤饼篮： 黄油,蒜茸,洋葱，原味",68
拉兹印度音乐餐厅,印度烤饼,全麦烤饼,20
拉兹印度音乐餐厅,印度烤饼,烤饼： 选择： a) 纯味 b) 蒜茸 c) 黄油 d) 洋葱,20
拉兹印度音乐餐厅,印度烤饼,奶酪面饼： 农舍奶酪馅,20.000
拉兹印度音乐餐厅,印度烤饼,羊肉饼： 羊肉馅,25
拉兹印度音乐餐厅,印度米饭和炒饭,泰国香米饭,15
拉兹印度音乐餐厅,印度米饭和炒饭,孜然香米饭： 印度米，蒸饭,25
拉兹印度音乐餐厅,印度米饭和炒饭,藏红花米饭： 印度米，蒸饭,35
拉兹印度音乐餐厅,印度米饭和炒饭,"克什米尔干果米饭： 藏红花,印度米，腰果,葡萄干",45
拉兹印度音乐餐厅,印度米饭和炒饭,"咖喱蛋炒饭配酸奶： 鸡蛋,香料,印度米，番茄洋葱咖喱",68
拉兹印度音乐餐厅,印度米饭和炒饭,"什锦蔬菜炒饭配酸奶： 藏红花,印度米，香料，蔬菜",58
拉兹印度音乐餐厅,印度米饭和炒饭,"鸡肉炒饭配酸奶： 藏红花,印度米，香料，鸡肉",68
拉兹印度音乐餐厅,印度米饭和炒饭,"羊肉炒饭配酸奶： 藏红花,印度米，香料，羊肉",78
拉兹印度音乐餐厅,印度米饭和炒饭,"海鲜炒饭配酸奶： 虾仁,藏红花,印度米，香料",88
拉兹印度音乐餐厅,甜品和饮料,"乳酪甜香奶球 （2个）： 农舍奶酪球,糖浆；冷点心",25
拉兹印度音乐餐厅,甜品和饮料,香米布丁： 热点心,25
拉兹印度音乐餐厅,甜品和饮料,"玫瑰糖浆奶球 （2个）： 农舍奶酪面粉球,热点心",25
拉兹印度音乐餐厅,甜品和饮料,薄荷绿酱 （50克）,15
拉兹印度音乐餐厅,甜品和饮料,芒果酱菜 （50克）,15
拉兹印度音乐餐厅,甜品和饮料,印度原味酸奶： 选择： a) 甜味  b) 咸味,22
拉兹印度音乐餐厅,甜品和饮料,拉昔： 选择： a) 芒果 b) 草莓,22.000
峡谷,招牌菜,土陶酸汤梭边鱼 （大）,138
峡谷,招牌菜,土陶酸汤梭边鱼 （小）,88
峡谷,招牌菜,干烧竹节鳝,77
峡谷,招牌菜,仔姜蛙,88
峡谷,招牌菜,神仙鸡,78
峡谷,招牌菜,大麻虾球,98
峡谷,招牌菜,椒麻黄辣丁,88
峡谷,招牌菜,峡谷第一排,98
峡谷,汤,云南汽锅鸡 （煲）,68
峡谷,汤,云南汽锅鸡 （位）,26
峡谷,汤,深山野生松茸汤 （煲）,78
峡谷,汤,森林野生羊肚菌汤 （煲）,108
峡谷,汤,深山野生松茸汤 （位）,28
峡谷,汤,竹林竹荪汤 （煲）,68
峡谷,汤,森林野生羊肚菌汤 （位）,38
峡谷,汤,竹林竹荪汤 （位）,26
峡谷,凉菜,僾伲梭批拌虾,42
峡谷,凉菜,金枪鱼菠菜,42
峡谷,凉菜,虫草花焙鸡,38
峡谷,凉菜,鸡枞杏鲍菇,42
峡谷,凉菜,野菌杂菜,36
峡谷,凉菜,红油三素,33
峡谷,凉菜,椒香麻油鸡,36
峡谷,凉菜,幽兰剥笋,26
峡谷,凉菜,炭火牛肉拌薄荷,38
峡谷,凉菜,哈尼菠萝菜,32
峡谷,凉菜,酸奶山药,36
峡谷,凉菜,手春耗牛干巴,38
峡谷,凉菜,椒皇松花 （2个）,28
峡谷,凉菜,芥油野生小木耳,28
峡谷,凉菜,柠檬青瓜,26
峡谷,热菜,海风四食,49
峡谷,热菜,竹林虾,69
峡谷,热菜,三杯墨鱼仔,66
峡谷,热菜,香料焗仔排,58
峡谷,热菜,蜜酥虾,59
峡谷,热菜,咸鱼四棱豆,48
峡谷,热菜,菌汁牛脊髓,59
峡谷,热菜,茅台烹大虾,88
峡谷,热菜,油仔瓜尖,42
峡谷,热菜,玉带鲜鲜,69
峡谷,热菜,滇汁鲈鱼,78
峡谷,热菜,瓦片岩蛙,88
峡谷,热菜,海风什锦,58
峡谷,热菜,黄金蘑菇,46
峡谷,热菜,陈茶干巴香藕,48
峡谷,热菜,茶菇鱿鱼须,49
峡谷,热菜,多多干巴,48
峡谷,热菜,蟹粉肥牛丝,52
峡谷,热菜,鲜椒茅草鸡,52
峡谷,热菜,鱼胶森林羊肚菌,198
峡谷,热菜,秋山辣子鸡,52
峡谷,热菜,两重天,43
峡谷,热菜,椒香滑鸡,58
峡谷,热菜,咖喱食蔬,49
峡谷,热菜,干妈松板肉,53
峡谷,热菜,干椒牛肝菌,158
峡谷,热菜,普洱茶焗香虾,68
峡谷,热菜,素油耗儿鱼,49
峡谷,热菜,虾香穿心莲,39
峡谷,热菜,十裹香茶树菇,46
峡谷,热菜,瓦片干巴,52
峡谷,热菜,素罗汉,42
峡谷,热菜,野生蜂蛹,88
峡谷,热菜,三只虫,78
峡谷,热菜,峡谷羊排,69
峡谷,热菜,吊烧大酥牛肉,52
峡谷,热菜,清油芦笋,46
峡谷,热菜,龙门金沙蒸对虾,128
峡谷,热菜,香煎乳饼,36
峡谷,热菜,百合小米瓜,46
峡谷,热菜,虾酱盖菜煲,42
峡谷,热菜,黑三剁,42
峡谷,热菜,安格斯小牛粒,88
峡谷,热菜,素油剑鱼,49
峡谷,热菜,松露海参烧鲈鱼,168
峡谷,热菜,杏鲍菇,52
峡谷,热菜,鸡纵干焖海带鱼,52
峡谷,热菜,三个巴依老爷,38
峡谷,热菜,香茅草烤罗非鱼,58
峡谷,热菜,云椒炒腊肠,46
峡谷,热菜,野生菌春卷,42
峡谷,热菜,碳烤猪颈肉,48
峡谷,热菜,当季时蔬,32
峡谷,热菜,金骨粒,58
峡谷,热菜,白玉汤,39
峡谷,热菜,青柠盐水鸭 (半只),52
峡谷,热菜,青柠盐水鸭 (只),78
峡谷,热菜,冬泥洋芋鸡,58
峡谷,热菜,蕉叶包烧牛肉,52
峡谷,热菜,香茅草烤鸡,58
峡谷,热菜,香茅草捆排骨,68
峡谷,热菜,上品雪牛爆野生,158
峡谷,热菜,上汤碗豆尖,38
峡谷,热菜,生煎鱼头煲,58
峡谷,热菜,蕉叶包烧豆腐,32
峡谷,热菜,碳烤蒜香鸡 (半只),52
峡谷,热菜,碳烤蒜香鸡 (只),88
峡谷,热菜,椒麻牛肉,56
峡谷,热菜,干煸洋芋丝,36
峡谷,热菜,深井烤鸭 （半只）,52
峡谷,热菜,深井烤鸭 （只）,88
峡谷,热菜,蕉叶烧鸡翅,46
峡谷,热菜,瑶柱茄子煲,46
峡谷,热菜,石屏豆腐,38
峡谷,热菜,砂锅烤杂菜,42
峡谷,热菜,茉莉花炒鸡蛋,38
峡谷,热菜,油炸岡郎片,36
峡谷,热菜,虫吃菜,48
峡谷,热菜,蕉叶包烧杂菌,42
峡谷,热菜,老奶洋芋,38
峡谷,主食,小锅米线,28
峡谷,主食,云南过桥米线,39
峡谷,主食,凉拌火腿米线,32
峡谷,主食,米线烤肉,42
峡谷,主食,蕉叶包烧米线,36
峡谷,主食,三剁饭,29
峡谷,主食,傣家菠萝饭,32
峡谷,主食,傣家竹筒饭  （3支）,39
Mississippi & Metro西餐厅 （国贸）,披萨 （10寸）,夏威夷披萨,48
Mississippi & Metro西餐厅 （国贸）,披萨 （10寸）,美特糅和密西西比特色披萨,80
Mississippi & Metro西餐厅 （国贸）,披萨 （10寸）,玛格丽特披萨,38
Mississippi & Metro西餐厅 （国贸）,披萨 （10寸）,地中海蔬菜披萨,60
Mississippi & Metro西餐厅 （国贸）,披萨 （10寸）,什锦海鲜披萨,76
Mississippi & Metro西餐厅 （国贸）,沙拉或汤,山羊奶酪扒鲜芦笋和荷兰豆伴苦叶生，圣女果，橄榄配什锦干果油醋汁,46
Mississippi & Metro西餐厅 （国贸）,沙拉或汤,鲜芦笋西兰花奶油汤,38
Mississippi & Metro西餐厅 （国贸）,沙拉或汤,田园蔬菜沙拉,32
Mississippi & Metro西餐厅 （国贸）,沙拉或汤,凯撒沙拉,35
Mississippi & Metro西餐厅 （国贸）,沙拉或汤,苦叶生菜伴牛油果沙拉,42
Mississippi & Metro西餐厅 （国贸）,沙拉或汤,传统意大利蔬菜汤,32
Mississippi & Metro西餐厅 （国贸）,小吃,煎炸鲜鱿,48
Mississippi & Metro西餐厅 （国贸）,小吃,精选奶酪盘,60
Mississippi & Metro西餐厅 （国贸）,小吃,炸薯条,28
Mississippi & Metro西餐厅 （国贸）,小吃,蕃茄蒜蓉烤面包,30
Mississippi & Metro西餐厅 （国贸）,开胃盘,鲜水牛奶酪伴鲜蕃茄,86
Mississippi & Metro西餐厅 （国贸）,开胃盘,香煎扇贝伴芒果沙萨配热带果汁,50
Mississippi & Metro西餐厅 （国贸）,开胃盘,香煎蟹饼伴草莓，苦叶生沙拉和芒果浓汁,66
Mississippi & Metro西餐厅 （国贸）,开胃盘,香煎鹅肝配草莓和苹果白兰地汁,96
Mississippi & Metro西餐厅 （国贸）,开胃盘,意式生牛肉片,56
Mississippi & Metro西餐厅 （国贸）,开胃盘,鲜虾配牛油果,46
Mississippi & Metro西餐厅 （国贸）,主菜,烤牛柳配黑菌蘑菇橄榄油汁,136
Mississippi & Metro西餐厅 （国贸）,主菜,香煎鲈鱼配贝蛤，鲜虾意式米饭,98
Mississippi & Metro西餐厅 （国贸）,主菜,香煎三文鱼配香槟鱼子酱汁,118
Mississippi & Metro西餐厅 （国贸）,主菜,烤黒鳕鱼配热情果汁,176
Mississippi & Metro西餐厅 （国贸）,主菜,香煎王冠虾伴巴玛火腿配意大利香醋汁,206
Mississippi & Metro西餐厅 （国贸）,意式米饭,野生蘑菇米饭,56
Mississippi & Metro西餐厅 （国贸）,意式米饭,田园蔬菜米饭,46
Mississippi & Metro西餐厅 （国贸）,意式米饭,牛肉蘑菇米饭,76
Mississippi & Metro西餐厅 （国贸）,意式米饭,海鲜意式米饭,96
Mississippi & Metro西餐厅 （国贸）,意式米饭,龙虾意式米饭,156
Mississippi & Metro西餐厅 （国贸）,意面（干面食类）,螺旋粉配肉酱汁,48
Mississippi & Metro西餐厅 （国贸）,意面（干面食类）,斜面通心粉配肉酱汁,48
Mississippi & Metro西餐厅 （国贸）,意面（干面食类）,斜面通心粉配蟹肉芦笋奶油汁,80
Mississippi & Metro西餐厅 （国贸）,意面（干面食类）,斜面通心粉配美特糅特式汁,68
Mississippi & Metro西餐厅 （国贸）,意面（干面食类）,斜面通心粉配鸡肉蘑菇橄榄油汁,58
Mississippi & Metro西餐厅 （国贸）,意面（干面食类）,斜面通心粉配香浓奶酪蘑菇汁,68
Mississippi & Metro西餐厅 （国贸）,意面（干面食类）,斜面通心粉配辣鸡肉奶酪汁,58
Mississippi & Metro西餐厅 （国贸）,意面（干面食类）,斜面通心粉配番茄汁,48
Mississippi & Metro西餐厅 （国贸）,意面（干面食类）,斜面通心粉配蔬菜番茄奶油汁,48
Mississippi & Metro西餐厅 （国贸）,意面（干面食类）,斜面通心粉配阳光番茄橄榄油汁,58
Mississippi & Metro西餐厅 （国贸）,意面（干面食类）,斜面通心粉配海鲜奶油橄榄油汁,80
Mississippi & Metro西餐厅 （国贸）,意面（干面食类）,斜面通心粉配海鲜奶油番茄汁,80
Mississippi & Metro西餐厅 （国贸）,意面（干面食类）,斜面通心粉配三文鱼芦笋奶油汁,68
Mississippi & Metro西餐厅 （国贸）,意面（干面食类）,意大利面条配干酪奶油浓汁,48
Mississippi & Metro西餐厅 （国贸）,意面（干面食类）,意大利面条配橄榄油汁,48
Mississippi & Metro西餐厅 （国贸）,意面（干面食类）,意大利面条配香草汁,48
Mississippi & Metro西餐厅 （国贸）,意面（干面食类）,意大利面条配腌圆葱西红柿汁,58
Mississippi & Metro西餐厅 （国贸）,意面（干面食类）,意大利面条配肉酱汁,48
Mississippi & Metro西餐厅 （国贸）,意面（干面食类）,意大利面条配烟肉奶油汁,58
Mississippi & Metro西餐厅 （国贸）,意面（干面食类）,意大利面条配蟹肉芦笋奶油汁,80
Mississippi & Metro西餐厅 （国贸）,意面（干面食类）,意大利面条配美特糅特式汁,68
Mississippi & Metro西餐厅 （国贸）,意面（干面食类）,意大利面条配鸡肉蘑菇橄榄油汁,58
Mississippi & Metro西餐厅 （国贸）,意面（干面食类）,意大利面条配香浓奶酪蘑菇汁,68
Mississippi & Metro西餐厅 （国贸）,意面（干面食类）,意大利面条配大虾西兰花橄榄油汁,68
Mississippi & Metro西餐厅 （国贸）,意面（干面食类）,意大利面条配三文鱼芦笋奶油汁,68
Mississippi & Metro西餐厅 （国贸）,意面（干面食类）,意大利面条配番茄汁,48
Mississippi & Metro西餐厅 （国贸）,意面（干面食类）,意大利面配阳光番茄橄榄油汁,58
Mississippi & Metro西餐厅 （国贸）,意面（干面食类）,意大利面条配海鲜奶油番茄汁,80
Mississippi & Metro西餐厅 （国贸）,意面（干面食类）,全麦通心粉配大虾西兰花橄榄油汁,68
Mississippi & Metro西餐厅 （国贸）,意面（干面食类）,全麦通心粉配肉酱汁,48
Mississippi & Metro西餐厅 （国贸）,意面（干面食类）,全麦通心粉配贝蛤橄榄油清汁及番茄汁,58
Mississippi & Metro西餐厅 （国贸）,意面（干面食类）,全麦通心粉配香浓奶酪蘑菇汁,68
Mississippi & Metro西餐厅 （国贸）,意面（干面食类）,全麦通心粉配三文鱼芦笋奶油汁,68
Mississippi & Metro西餐厅 （国贸）,意面（干面食类）,全麦通心粉配鲜蘑菇番茄奶油汁,48
Mississippi & Metro西餐厅 （国贸）,意面（干面食类）,全麦通心粉配阳光番茄橄榄油汁,58
Mississippi & Metro西餐厅 （国贸）,意面（干面食类）,全麦通心粉配海鲜奶油番茄汁,80
Mississippi & Metro西餐厅 （国贸）,意面（干面食类）,全麦通心粉配香草汁,48
Mississippi & Metro西餐厅 （国贸）,扒类 （配迷迭土豆和绿色沙拉）,扒牛柳,108
Mississippi & Metro西餐厅 （国贸）,扒类 （配迷迭土豆和绿色沙拉）,扒西冷牛排,136
Mississippi & Metro西餐厅 （国贸）,扒类 （配迷迭土豆和绿色沙拉）,扒羊排,156
Mississippi & Metro西餐厅 （国贸）,扒类 （配迷迭土豆和绿色沙拉）,扒澳洲牛眼肉,255
Mississippi & Metro西餐厅 （国贸）,扒类 （配迷迭土豆和绿色沙拉）,扒澳洲谷饲牛脊肉,265
Mississippi & Metro西餐厅 （国贸）,千层面,美特糅千层面,70
港岛茶餐厅 （国贸）,厨师推荐,芝士咖喱焗猪扒饭,42
港岛茶餐厅 （国贸）,厨师推荐,港式焗鸡扒饭,42
港岛茶餐厅 （国贸）,厨师推荐,芝士咖喱焗鸡扒饭,42
港岛茶餐厅 （国贸）,厨师推荐,芝士咖喱焗牛腩饭,42
港岛茶餐厅 （国贸）,厨师推荐,老火靓汤/人 （每日一款）,15
港岛茶餐厅 （国贸）,厨师推荐,脆明虾球,58
港岛茶餐厅 （国贸）,厨师推荐,港式焗猪扒饭,42
港岛茶餐厅 （国贸）,厨师推荐,菠萝油条虾,42
港岛茶餐厅 （国贸）,厨师推荐,铁板鸳鸯扒（请选择茄汁或黑椒汁在备注中写明）,68
港岛茶餐厅 （国贸）,厨师推荐,滑蛋虾仁,42
港岛茶餐厅 （国贸）,厨师推荐,和风牛柳粒,52
港岛茶餐厅 （国贸）,厨师推荐,咖喱牛腩煲,42
港岛茶餐厅 （国贸）,厨师推荐,白萝卜牛腩煲,42
港岛茶餐厅 （国贸）,厨师推荐,黄金虾,58
港岛茶餐厅 （国贸）,厨师推荐,酸菜鲈鱼,68
港岛茶餐厅 （国贸）,厨师推荐,美极虾,58
港岛茶餐厅 （国贸）,厨师推荐,豉汁蒸排骨,38
港岛茶餐厅 （国贸）,厨师推荐,水煮鲈鱼,68
港岛茶餐厅 （国贸）,厨师推荐,菠萝咕噜猪颈肉,42
港岛茶餐厅 （国贸）,厨师推荐,沙拉虾球,38
港岛茶餐厅 （国贸）,猪肉类,生炒骨,38
港岛茶餐厅 （国贸）,猪肉类,水煮肉片,38
港岛茶餐厅 （国贸）,猪肉类,生啫芥蓝猪颈肉,42
港岛茶餐厅 （国贸）,猪肉类,蜜汁叉烧 （例牌）,38
港岛茶餐厅 （国贸）,猪肉类,XO酱云南小瓜炒猪颈肉,38
港岛茶餐厅 （国贸）,猪肉类,滑蛋叉烧,42
港岛茶餐厅 （国贸）,猪肉类,老干妈回锅肉,32
港岛茶餐厅 （国贸）,猪肉类,杏鲍菇炒猪颈肉,40
港岛茶餐厅 （国贸）,猪肉类,豉汁凉瓜猪颈肉,38
港岛茶餐厅 （国贸）,猪肉类,咖喱猪扒,38
港岛茶餐厅 （国贸）,鸡肉类,避风塘鸡中翅（8只）,38
港岛茶餐厅 （国贸）,鸡肉类,避风塘鸡中翅（6只）,32
港岛茶餐厅 （国贸）,鸡肉类,白切清远鸡 （例牌）,38
港岛茶餐厅 （国贸）,鸡肉类,铁板鸡扒 （请选茄汁或黑椒汁在备注中标明）,38
港岛茶餐厅 （国贸）,鸡肉类,咖喱鸡扒,38
港岛茶餐厅 （国贸）,鸡肉类,川椒鸡柳,38
港岛茶餐厅 （国贸）,鸡肉类,豉椒鸡球,38
港岛茶餐厅 （国贸）,牛肉类,四季豆炒牛柳,42
港岛茶餐厅 （国贸）,牛肉类,黑椒牛柳,52
港岛茶餐厅 （国贸）,牛肉类,蜜糖黑椒牛柳丝,38
港岛茶餐厅 （国贸）,牛肉类,沙爹牛肉炒芥蓝,42
港岛茶餐厅 （国贸）,牛肉类,菜远牛肉,42
港岛茶餐厅 （国贸）,牛肉类,滑蛋牛肉,42
港岛茶餐厅 （国贸）,牛肉类,豉椒牛肉,42
港岛茶餐厅 （国贸）,海鲜,芥辣虾,58
港岛茶餐厅 （国贸）,海鲜,酸甜鲈鱼,68
港岛茶餐厅 （国贸）,海鲜,避风塘中虾,58
港岛茶餐厅 （国贸）,海鲜,咖喱大虾,68
港岛茶餐厅 （国贸）,海鲜,三鲜赛螃蟹,48
港岛茶餐厅 （国贸）,海鲜,麻婆豆腐鱼丁煲,38
港岛茶餐厅 （国贸）,海鲜,鱼香茄子班腩煲,42
港岛茶餐厅 （国贸）,青菜类,番茄粟米牛肉松煮蛋,32
港岛茶餐厅 （国贸）,青菜类,榄菜肉松四季豆,32
港岛茶餐厅 （国贸）,青菜类,上汤娃娃菜,28
港岛茶餐厅 （国贸）,青菜类,上汤菠菜,28
港岛茶餐厅 （国贸）,青菜类,咖喱杂菜,30
港岛茶餐厅 （国贸）,青菜类,蒜蓉芥蓝,25
港岛茶餐厅 （国贸）,青菜类,清炒芥蓝,25
港岛茶餐厅 （国贸）,青菜类,蒜蓉菜心,25
港岛茶餐厅 （国贸）,青菜类,清炒菜心,25
港岛茶餐厅 （国贸）,青菜类,蒜蓉西兰花,25
港岛茶餐厅 （国贸）,青菜类,清炒西兰花,25
港岛茶餐厅 （国贸）,青菜类,清炒生菜,25
港岛茶餐厅 （国贸）,青菜类,蚝油生菜,25
港岛茶餐厅 （国贸）,青菜类,蒜蓉生菜,25
港岛茶餐厅 （国贸）,青菜类,清炒杂菜,28
港岛茶餐厅 （国贸）,青菜类,蒜蓉杂菜,28
港岛茶餐厅 （国贸）,港式煲仔,支竹焖牛腩煲,42
港岛茶餐厅 （国贸）,港式煲仔,风味凉瓜排骨煲,38
港岛茶餐厅 （国贸）,港式煲仔,咖喱斑腩煲,42
港岛茶餐厅 （国贸）,港式煲仔,啫啫排骨煲,38
港岛茶餐厅 （国贸）,港式煲仔,凉瓜斑腩煲,42
港岛茶餐厅 （国贸）,港式煲仔,虾米粉丝杂菜煲,32
港岛茶餐厅 （国贸）,港式煲仔,啫啫鸡煲,38
港岛茶餐厅 （国贸）,港式煲仔,金针菇玉子豆腐煲,32
港岛茶餐厅 （国贸）,港式煲仔,咸鱼鸡粒豆腐煲,32
港岛茶餐厅 （国贸）,港式煲仔,海鲜豆腐煲,38
港岛茶餐厅 （国贸）,港式煲仔,咸鱼鸡粒茄子煲,28
港岛茶餐厅 （国贸）,港式煲仔,老干妈茄子煲,28
港岛茶餐厅 （国贸）,港式煲仔,沙爹肥牛金针菇煲,38
港岛茶餐厅 （国贸）,港式煲仔,XO海鲜粉丝煲,32
港岛茶餐厅 （国贸）,港式煲仔,XO大虾粉丝煲,58
港岛茶餐厅 （国贸）,主食,干炒牛河,28
港岛茶餐厅 （国贸）,主食,家乡炒米粉,28
港岛茶餐厅 （国贸）,主食,港岛炒饭,28
港岛茶餐厅 （国贸）,主食,咸鱼鸡粒炒饭,28
港岛茶餐厅 （国贸）,主食,星洲炒饭,28
港岛茶餐厅 （国贸）,主食,瑶柱蛋白炒饭,38
港岛茶餐厅 （国贸）,主食,鲜虾菠萝炒饭,38
港岛茶餐厅 （国贸）,主食,三虾炒饭,38
港岛茶餐厅 （国贸）,主食,海皇河粉,29
港岛茶餐厅 （国贸）,主食,星洲炒米,28
港岛茶餐厅 （国贸）,主食,干烧伊面,35
港岛茶餐厅 （国贸）,主食,泰国乌汶香米饭,3
港岛茶餐厅 （国贸）,港式点心,叉烧肠粉,18
港岛茶餐厅 （国贸）,港式点心,开口叉烧包,16
港岛茶餐厅 （国贸）,港式点心,蛋黄流沙包,14
港岛茶餐厅 （国贸）,港式点心,黑芝麻流沙包,14
港岛茶餐厅 （国贸）,港式点心,花生流沙包,14
港岛茶餐厅 （国贸）,港式点心,金牌奶黄包,12
港岛茶餐厅 （国贸）,港式点心,蟹籽烧卖,20
港岛茶餐厅 （国贸）,港式点心,虾仁烧卖,20
港岛茶餐厅 （国贸）,港式点心,马蹄糕,12
港岛茶餐厅 （国贸）,港式点心,萝卜糕,20
港岛茶餐厅 （国贸）,港式冷饮,港式咸柠檬七喜,14
港岛茶餐厅 （国贸）,港式冷饮,港式龙凤柠乐,14
港岛茶餐厅 （国贸）,港式冷饮,港式杂果宾治,18
港岛茶餐厅 （国贸）,港式冷饮,港式红豆冰,18
港岛茶餐厅 （国贸）,港式冷饮,港式冻柠檬茶,14
港岛茶餐厅 （国贸）,港式冷饮,港式冻奶茶,16
港岛茶餐厅 （国贸）,港式冷饮,港式冻鸳鸯,16
港岛茶餐厅 （国贸）,港式冷饮,港式冻柠蜜,14
